drug_a,drug_b,pt,a_cobenfy,n_cobenfy,pct_cobenfy,a_comparator,n_comparator,pct_comparator,ror,ror_lower95,ror_upper95,p_value,bonferroni_sig
xanomeline-trospium,olanzapine,NAUSEA,365,1758,20.7622,306,8055,3.7989,6.6317,5.6389,7.7992,0.0000,True
xanomeline-trospium,olanzapine,VOMITING,297,1758,16.8942,346,8055,4.2955,4.5291,3.8413,5.3400,0.0000,True
xanomeline-trospium,olanzapine,CONSTIPATION,134,1758,7.6223,185,8055,2.2967,3.5129,2.7958,4.4138,0.0000,True
xanomeline-trospium,olanzapine,DYSPEPSIA,65,1758,3.6974,38,8055,0.4718,8.0544,5.3911,12.0335,0.0000,True
xanomeline-trospium,olanzapine,DIARRHOEA,38,1758,2.1615,126,8055,1.5642,1.4027,0.9742,2.0196,0.0688,False
xanomeline-trospium,olanzapine,TACHYCARDIA,24,1758,1.3652,226,8055,2.8057,0.4883,0.3208,0.7432,0.0008,False
xanomeline-trospium,olanzapine,HYPERTENSION,25,1758,1.4221,115,8055,1.4277,1.0113,0.6566,1.5577,0.9593,False
xanomeline-trospium,olanzapine,BLOOD PRESSURE INCREASED,21,1758,1.1945,11,8055,0.1366,8.6560,4.2220,17.7463,0.0000,True
xanomeline-trospium,olanzapine,WEIGHT INCREASED,13,1758,0.7395,497,8055,6.1701,0.1175,0.0683,0.2023,0.0000,True
xanomeline-trospium,olanzapine,HYPERGLYCAEMIA,0,1758,0.0000,38,8055,0.4718,0.0592,0.0036,0.9643,0.0471,False
xanomeline-trospium,olanzapine,DIABETES MELLITUS,0,1758,0.0000,68,8055,0.8442,0.0332,0.0021,0.5357,0.0164,False
xanomeline-trospium,olanzapine,METABOLIC SYNDROME,0,1758,0.0000,47,8055,0.5835,0.0479,0.0030,0.7781,0.0326,False
xanomeline-trospium,olanzapine,BLOOD GLUCOSE INCREASED,2,1758,0.1138,48,8055,0.5959,0.2350,0.0658,0.8386,0.0257,False
xanomeline-trospium,olanzapine,DYSLIPIDAEMIA,0,1758,0.0000,31,8055,0.3849,0.0724,0.0044,1.1843,0.0656,False
xanomeline-trospium,olanzapine,DYSTONIA,1,1758,0.0569,208,8055,2.5822,0.0321,0.0064,0.1602,0.0000,True
xanomeline-trospium,olanzapine,AKATHISIA,8,1758,0.4551,214,8055,2.6567,0.1775,0.0893,0.3530,0.0000,True
xanomeline-trospium,olanzapine,PARKINSONISM,2,1758,0.1138,255,8055,3.1657,0.0435,0.0125,0.1512,0.0000,True
xanomeline-trospium,olanzapine,TARDIVE DYSKINESIA,2,1758,0.1138,138,8055,1.7132,0.0814,0.0233,0.2845,0.0001,True
xanomeline-trospium,olanzapine,EXTRAPYRAMIDAL DISORDER,4,1758,0.2275,267,8055,3.3147,0.0747,0.0294,0.1899,0.0000,True
xanomeline-trospium,olanzapine,TREMOR,27,1758,1.5358,225,8055,2.7933,0.5515,0.3699,0.8222,0.0035,False
xanomeline-trospium,olanzapine,HYPERPROLACTINAEMIA,0,1758,0.0000,86,8055,1.0677,0.0262,0.0016,0.4224,0.0102,False
xanomeline-trospium,olanzapine,GALACTORRHOEA,0,1758,0.0000,20,8055,0.2483,0.1115,0.0067,1.8437,0.1254,False
xanomeline-trospium,olanzapine,AMENORRHOEA,0,1758,0.0000,31,8055,0.3849,0.0724,0.0044,1.1843,0.0656,False
xanomeline-trospium,olanzapine,SOMNOLENCE,42,1758,2.3891,374,8055,4.6431,0.5079,0.3682,0.7005,0.0000,True
xanomeline-trospium,olanzapine,SEDATION,13,1758,0.7395,207,8055,2.5698,0.2925,0.1683,0.5085,0.0000,True
xanomeline-trospium,olanzapine,ELECTROCARDIOGRAM QT PROLONGED,0,1758,0.0000,185,8055,2.2967,0.0121,0.0008,0.1937,0.0018,False
xanomeline-trospium,olanzapine,URINARY RETENTION,112,1758,6.3709,84,8055,1.0428,6.4458,4.8371,8.5893,0.0000,True
xanomeline-trospium,olanzapine,DRY MOUTH,45,1758,2.5597,40,8055,0.4966,5.2554,3.4302,8.0516,0.0000,True
xanomeline-trospium,olanzapine,VISION BLURRED,68,1758,3.8680,61,8055,0.7573,5.2673,3.7182,7.4619,0.0000,True
xanomeline-trospium,olanzapine,INSOMNIA,37,1758,2.1047,208,8055,2.5822,0.8199,0.5769,1.1653,0.2682,False
xanomeline-trospium,olanzapine,HEADACHE,35,1758,1.9909,116,8055,1.4401,1.4037,0.9606,2.0513,0.0797,False
xanomeline-trospium,olanzapine,DIZZINESS,79,1758,4.4937,152,8055,1.8870,2.4532,1.8612,3.2336,0.0000,True
xanomeline-trospium,risperidone,NAUSEA,365,1758,20.7622,206,7380,2.7913,9.1128,7.6115,10.9102,0.0000,True
xanomeline-trospium,risperidone,VOMITING,297,1758,16.8942,196,7380,2.6558,7.4426,6.1624,8.9887,0.0000,True
xanomeline-trospium,risperidone,CONSTIPATION,134,1758,7.6223,106,7380,1.4363,5.6553,4.3612,7.3335,0.0000,True
xanomeline-trospium,risperidone,DYSPEPSIA,65,1758,3.6974,34,7380,0.4607,8.2360,5.4349,12.4809,0.0000,True
xanomeline-trospium,risperidone,DIARRHOEA,38,1758,2.1615,66,7380,0.8943,2.4613,1.6492,3.6733,0.0000,True
xanomeline-trospium,risperidone,TACHYCARDIA,24,1758,1.3652,98,7380,1.3279,1.0443,0.6688,1.6306,0.8487,False
xanomeline-trospium,risperidone,HYPERTENSION,25,1758,1.4221,39,7380,0.5285,2.7340,1.6572,4.5106,0.0001,True
xanomeline-trospium,risperidone,BLOOD PRESSURE INCREASED,21,1758,1.1945,9,7380,0.1220,9.6017,4.4663,20.6415,0.0000,True
xanomeline-trospium,risperidone,WEIGHT INCREASED,13,1758,0.7395,509,7380,6.8970,0.1043,0.0606,0.1795,0.0000,True
xanomeline-trospium,risperidone,HYPERGLYCAEMIA,0,1758,0.0000,11,7380,0.1491,0.1822,0.0107,3.0936,0.2386,False
xanomeline-trospium,risperidone,DIABETES MELLITUS,0,1758,0.0000,20,7380,0.2710,0.1021,0.0062,1.6888,0.1109,False
xanomeline-trospium,risperidone,METABOLIC SYNDROME,0,1758,0.0000,12,7380,0.1626,0.1676,0.0099,2.8324,0.2156,False
xanomeline-trospium,risperidone,BLOOD GLUCOSE INCREASED,2,1758,0.1138,46,7380,0.6233,0.2245,0.0628,0.8023,0.0215,False
xanomeline-trospium,risperidone,DYSLIPIDAEMIA,0,1758,0.0000,25,7380,0.3388,0.0820,0.0050,1.3479,0.0800,False
xanomeline-trospium,risperidone,DYSTONIA,1,1758,0.0569,177,7380,2.3984,0.0346,0.0069,0.1729,0.0000,True
xanomeline-trospium,risperidone,AKATHISIA,8,1758,0.4551,175,7380,2.3713,0.1994,0.1000,0.3976,0.0000,True
xanomeline-trospium,risperidone,PARKINSONISM,2,1758,0.1138,121,7380,1.6396,0.0850,0.0243,0.2978,0.0001,True
xanomeline-trospium,risperidone,TARDIVE DYSKINESIA,2,1758,0.1138,102,7380,1.3821,0.1011,0.0288,0.3548,0.0003,False
xanomeline-trospium,risperidone,EXTRAPYRAMIDAL DISORDER,4,1758,0.2275,355,7380,4.8103,0.0507,0.0200,0.1286,0.0000,True
xanomeline-trospium,risperidone,TREMOR,27,1758,1.5358,195,7380,2.6423,0.5837,0.3903,0.8731,0.0088,False
xanomeline-trospium,risperidone,HYPERPROLACTINAEMIA,0,1758,0.0000,162,7380,2.1951,0.0126,0.0008,0.2029,0.0020,False
xanomeline-trospium,risperidone,GALACTORRHOEA,0,1758,0.0000,76,7380,1.0298,0.0271,0.0017,0.4382,0.0110,False
xanomeline-trospium,risperidone,AMENORRHOEA,0,1758,0.0000,33,7380,0.4472,0.0624,0.0038,1.0183,0.0515,False
xanomeline-trospium,risperidone,SOMNOLENCE,42,1758,2.3891,318,7380,4.3089,0.5490,0.3969,0.7594,0.0003,False
xanomeline-trospium,risperidone,SEDATION,13,1758,0.7395,196,7380,2.6558,0.2828,0.1625,0.4921,0.0000,True
xanomeline-trospium,risperidone,ELECTROCARDIOGRAM QT PROLONGED,0,1758,0.0000,78,7380,1.0569,0.0265,0.0016,0.4268,0.0105,False
xanomeline-trospium,risperidone,URINARY RETENTION,112,1758,6.3709,68,7380,0.9214,7.2940,5.3760,9.8962,0.0000,True
xanomeline-trospium,risperidone,DRY MOUTH,45,1758,2.5597,24,7380,0.3252,7.9732,4.8653,13.0664,0.0000,True
xanomeline-trospium,risperidone,VISION BLURRED,68,1758,3.8680,49,7380,0.6640,6.0015,4.1478,8.6838,0.0000,True
xanomeline-trospium,risperidone,INSOMNIA,37,1758,2.1047,131,7380,1.7751,1.2009,0.8323,1.7327,0.3277,False
xanomeline-trospium,risperidone,HEADACHE,35,1758,1.9909,83,7380,1.1247,1.8001,1.2113,2.6753,0.0036,False
xanomeline-trospium,risperidone,DIZZINESS,79,1758,4.4937,76,7380,1.0298,4.5198,3.2874,6.2141,0.0000,True
xanomeline-trospium,aripiprazole,NAUSEA,365,1758,20.7622,261,6707,3.8915,6.4660,5.4607,7.6563,0.0000,True
xanomeline-trospium,aripiprazole,VOMITING,297,1758,16.8942,195,6707,2.9074,6.7809,5.6123,8.1929,0.0000,True
xanomeline-trospium,aripiprazole,CONSTIPATION,134,1758,7.6223,127,6707,1.8935,4.2732,3.3337,5.4774,0.0000,True
xanomeline-trospium,aripiprazole,DYSPEPSIA,65,1758,3.6974,39,6707,0.5815,6.5296,4.3838,9.7258,0.0000,True
xanomeline-trospium,aripiprazole,DIARRHOEA,38,1758,2.1615,111,6707,1.6550,1.3239,0.9143,1.9170,0.1374,False
xanomeline-trospium,aripiprazole,TACHYCARDIA,24,1758,1.3652,71,6707,1.0586,1.3111,0.8261,2.0807,0.2504,False
xanomeline-trospium,aripiprazole,HYPERTENSION,25,1758,1.4221,125,6707,1.8637,0.7715,0.5024,1.1849,0.2361,False
xanomeline-trospium,aripiprazole,BLOOD PRESSURE INCREASED,21,1758,1.1945,12,6707,0.1789,6.6281,3.2942,13.3358,0.0000,True
xanomeline-trospium,aripiprazole,WEIGHT INCREASED,13,1758,0.7395,421,6707,6.2770,0.1154,0.0669,0.1988,0.0000,True
xanomeline-trospium,aripiprazole,HYPERGLYCAEMIA,0,1758,0.0000,23,6707,0.3429,0.0809,0.0049,1.3322,0.0785,False
xanomeline-trospium,aripiprazole,DIABETES MELLITUS,0,1758,0.0000,60,6707,0.8946,0.0312,0.0019,0.5055,0.0147,False
xanomeline-trospium,aripiprazole,METABOLIC SYNDROME,0,1758,0.0000,28,6707,0.4175,0.0666,0.0041,1.0921,0.0577,False
xanomeline-trospium,aripiprazole,BLOOD GLUCOSE INCREASED,2,1758,0.1138,46,6707,0.6859,0.2039,0.0571,0.7287,0.0144,False
xanomeline-trospium,aripiprazole,DYSLIPIDAEMIA,0,1758,0.0000,32,6707,0.4771,0.0584,0.0036,0.9543,0.0463,False
xanomeline-trospium,aripiprazole,DYSTONIA,1,1758,0.0569,193,6707,2.8776,0.0287,0.0058,0.1434,0.0000,True
xanomeline-trospium,aripiprazole,AKATHISIA,8,1758,0.4551,279,6707,4.1598,0.1117,0.0563,0.2214,0.0000,True
xanomeline-trospium,aripiprazole,PARKINSONISM,2,1758,0.1138,164,6707,2.4452,0.0566,0.0162,0.1976,0.0000,True
xanomeline-trospium,aripiprazole,TARDIVE DYSKINESIA,2,1758,0.1138,144,6707,2.1470,0.0646,0.0185,0.2260,0.0000,True
xanomeline-trospium,aripiprazole,EXTRAPYRAMIDAL DISORDER,4,1758,0.2275,222,6707,3.3100,0.0748,0.0294,0.1904,0.0000,True
xanomeline-trospium,aripiprazole,TREMOR,27,1758,1.5358,262,6707,3.9064,0.3900,0.2623,0.5797,0.0000,True
xanomeline-trospium,aripiprazole,HYPERPROLACTINAEMIA,0,1758,0.0000,90,6707,1.3419,0.0208,0.0013,0.3351,0.0063,False
xanomeline-trospium,aripiprazole,GALACTORRHOEA,0,1758,0.0000,12,6707,0.1789,0.1523,0.0090,2.5737,0.1920,False
xanomeline-trospium,aripiprazole,AMENORRHOEA,0,1758,0.0000,16,6707,0.2386,0.1153,0.0069,1.9230,0.1324,False
xanomeline-trospium,aripiprazole,SOMNOLENCE,42,1758,2.3891,236,6707,3.5187,0.6775,0.4867,0.9432,0.0211,False
xanomeline-trospium,aripiprazole,SEDATION,13,1758,0.7395,180,6707,2.6838,0.2797,0.1605,0.4875,0.0000,True
xanomeline-trospium,aripiprazole,ELECTROCARDIOGRAM QT PROLONGED,0,1758,0.0000,80,6707,1.1928,0.0234,0.0015,0.3777,0.0081,False
xanomeline-trospium,aripiprazole,URINARY RETENTION,112,1758,6.3709,59,6707,0.8797,7.6348,5.5507,10.5013,0.0000,True
xanomeline-trospium,aripiprazole,DRY MOUTH,45,1758,2.5597,56,6707,0.8349,3.1261,2.1081,4.6357,0.0000,True
xanomeline-trospium,aripiprazole,VISION BLURRED,68,1758,3.8680,71,6707,1.0586,3.7610,2.6887,5.2611,0.0000,True
xanomeline-trospium,aripiprazole,INSOMNIA,37,1758,2.1047,240,6707,3.5784,0.5858,0.4135,0.8298,0.0026,False
xanomeline-trospium,aripiprazole,HEADACHE,35,1758,1.9909,177,6707,2.6390,0.7578,0.5265,1.0908,0.1356,False
xanomeline-trospium,aripiprazole,DIZZINESS,79,1758,4.4937,171,6707,2.5496,1.8041,1.3755,2.3664,0.0000,True
xanomeline-trospium,quetiapine,NAUSEA,365,1758,20.7622,688,10869,6.3299,3.8787,3.3765,4.4556,0.0000,True
xanomeline-trospium,quetiapine,VOMITING,297,1758,16.8942,799,10869,7.3512,2.5640,2.2202,2.9611,0.0000,True
xanomeline-trospium,quetiapine,CONSTIPATION,134,1758,7.6223,355,10869,3.2662,2.4488,1.9945,3.0065,0.0000,True
xanomeline-trospium,quetiapine,DYSPEPSIA,65,1758,3.6974,293,10869,2.6957,1.3938,1.0611,1.8307,0.0170,False
xanomeline-trospium,quetiapine,DIARRHOEA,38,1758,2.1615,455,10869,4.1862,0.5116,0.3668,0.7137,0.0001,True
xanomeline-trospium,quetiapine,TACHYCARDIA,24,1758,1.3652,403,10869,3.7078,0.3664,0.2429,0.5526,0.0000,True
xanomeline-trospium,quetiapine,HYPERTENSION,25,1758,1.4221,808,10869,7.4340,0.1831,0.1230,0.2724,0.0000,True
xanomeline-trospium,quetiapine,BLOOD PRESSURE INCREASED,21,1758,1.1945,31,10869,0.2852,4.2577,2.4549,7.3843,0.0000,True
xanomeline-trospium,quetiapine,WEIGHT INCREASED,13,1758,0.7395,660,10869,6.0723,0.1195,0.0696,0.2054,0.0000,True
xanomeline-trospium,quetiapine,HYPERGLYCAEMIA,0,1758,0.0000,40,10869,0.3680,0.0760,0.0047,1.2371,0.0702,False
xanomeline-trospium,quetiapine,DIABETES MELLITUS,0,1758,0.0000,57,10869,0.5244,0.0535,0.0033,0.8656,0.0392,False
xanomeline-trospium,quetiapine,METABOLIC SYNDROME,0,1758,0.0000,29,10869,0.2668,0.1045,0.0064,1.7109,0.1133,False
xanomeline-trospium,quetiapine,BLOOD GLUCOSE INCREASED,2,1758,0.1138,47,10869,0.4324,0.3243,0.0908,1.1580,0.0829,False
xanomeline-trospium,quetiapine,DYSLIPIDAEMIA,0,1758,0.0000,34,10869,0.3128,0.0893,0.0055,1.4573,0.0899,False
xanomeline-trospium,quetiapine,DYSTONIA,1,1758,0.0569,208,10869,1.9137,0.0436,0.0088,0.2177,0.0001,True
xanomeline-trospium,quetiapine,AKATHISIA,8,1758,0.4551,128,10869,1.1777,0.4059,0.2024,0.8141,0.0111,False
xanomeline-trospium,quetiapine,PARKINSONISM,2,1758,0.1138,256,10869,2.3553,0.0589,0.0169,0.2049,0.0000,True
xanomeline-trospium,quetiapine,TARDIVE DYSKINESIA,2,1758,0.1138,143,10869,1.3157,0.1064,0.0304,0.3718,0.0004,False
xanomeline-trospium,quetiapine,EXTRAPYRAMIDAL DISORDER,4,1758,0.2275,191,10869,1.7573,0.1430,0.0561,0.3647,0.0000,True
xanomeline-trospium,quetiapine,TREMOR,27,1758,1.5358,322,10869,2.9626,0.5194,0.3507,0.7692,0.0011,False
xanomeline-trospium,quetiapine,HYPERPROLACTINAEMIA,0,1758,0.0000,56,10869,0.5152,0.0544,0.0034,0.8812,0.0405,False
xanomeline-trospium,quetiapine,GALACTORRHOEA,0,1758,0.0000,26,10869,0.2392,0.1163,0.0071,1.9101,0.1319,False
xanomeline-trospium,quetiapine,AMENORRHOEA,0,1758,0.0000,16,10869,0.1472,0.1870,0.0112,3.1190,0.2429,False
xanomeline-trospium,quetiapine,SOMNOLENCE,42,1758,2.3891,642,10869,5.9067,0.3941,0.2877,0.5399,0.0000,True
xanomeline-trospium,quetiapine,SEDATION,13,1758,0.7395,213,10869,1.9597,0.3860,0.2222,0.6707,0.0007,False
xanomeline-trospium,quetiapine,ELECTROCARDIOGRAM QT PROLONGED,0,1758,0.0000,256,10869,2.3553,0.0118,0.0007,0.1887,0.0017,False
xanomeline-trospium,quetiapine,URINARY RETENTION,112,1758,6.3709,104,10869,0.9568,7.0390,5.3665,9.2327,0.0000,True
xanomeline-trospium,quetiapine,DRY MOUTH,45,1758,2.5597,305,10869,2.8061,0.9183,0.6697,1.2590,0.5964,False
xanomeline-trospium,quetiapine,VISION BLURRED,68,1758,3.8680,83,10869,0.7636,5.2344,3.7873,7.2345,0.0000,True
xanomeline-trospium,quetiapine,INSOMNIA,37,1758,2.1047,418,10869,3.8458,0.5440,0.3880,0.7628,0.0004,False
xanomeline-trospium,quetiapine,HEADACHE,35,1758,1.9909,789,10869,7.2592,0.2630,0.1872,0.3695,0.0000,True
xanomeline-trospium,quetiapine,DIZZINESS,79,1758,4.4937,589,10869,5.4191,0.8255,0.6495,1.0492,0.1170,False
xanomeline-trospium,lurasidone,NAUSEA,365,1758,20.7622,32,938,3.4115,7.3159,5.0615,10.5743,0.0000,True
xanomeline-trospium,lurasidone,VOMITING,297,1758,16.8942,27,938,2.8785,6.7470,4.5258,10.0585,0.0000,True
xanomeline-trospium,lurasidone,CONSTIPATION,134,1758,7.6223,19,938,2.0256,3.9041,2.4115,6.3205,0.0000,True
xanomeline-trospium,lurasidone,DYSPEPSIA,65,1758,3.6974,3,938,0.3198,10.3379,3.5168,30.3886,0.0000,True
xanomeline-trospium,lurasidone,DIARRHOEA,38,1758,2.1615,10,938,1.0661,1.9788,0.9955,3.9335,0.0515,False
xanomeline-trospium,lurasidone,TACHYCARDIA,24,1758,1.3652,19,938,2.0256,0.6661,0.3655,1.2138,0.1845,False
xanomeline-trospium,lurasidone,HYPERTENSION,25,1758,1.4221,15,938,1.5991,0.8764,0.4639,1.6560,0.6846,False
xanomeline-trospium,lurasidone,BLOOD PRESSURE INCREASED,21,1758,1.1945,7,938,0.7463,1.5369,0.6668,3.5422,0.3131,False
xanomeline-trospium,lurasidone,WEIGHT INCREASED,13,1758,0.7395,50,938,5.3305,0.1361,0.0742,0.2494,0.0000,True
xanomeline-trospium,lurasidone,HYPERGLYCAEMIA,0,1758,0.0000,4,938,0.4264,0.0590,0.0032,1.0979,0.0578,False
xanomeline-trospium,lurasidone,DIABETES MELLITUS,0,1758,0.0000,4,938,0.4264,0.0590,0.0032,1.0979,0.0578,False
xanomeline-trospium,lurasidone,METABOLIC SYNDROME,0,1758,0.0000,10,938,1.0661,0.0251,0.0015,0.4296,0.0110,False
xanomeline-trospium,lurasidone,BLOOD GLUCOSE INCREASED,2,1758,0.1138,36,938,3.8380,0.0352,0.0097,0.1271,0.0000,True
xanomeline-trospium,lurasidone,DYSLIPIDAEMIA,0,1758,0.0000,1,938,0.1066,0.1777,0.0072,4.3668,0.2902,False
xanomeline-trospium,lurasidone,DYSTONIA,1,1758,0.0569,42,938,4.4776,0.0180,0.0035,0.0919,0.0000,True
xanomeline-trospium,lurasidone,AKATHISIA,8,1758,0.4551,66,938,7.0362,0.0637,0.0311,0.1307,0.0000,True
xanomeline-trospium,lurasidone,PARKINSONISM,2,1758,0.1138,10,938,1.0661,0.1259,0.0316,0.5011,0.0033,False
xanomeline-trospium,lurasidone,TARDIVE DYSKINESIA,2,1758,0.1138,23,938,2.4520,0.0554,0.0150,0.2047,0.0000,True
xanomeline-trospium,lurasidone,EXTRAPYRAMIDAL DISORDER,4,1758,0.2275,31,938,3.3049,0.0739,0.0274,0.1991,0.0000,True
xanomeline-trospium,lurasidone,TREMOR,27,1758,1.5358,16,938,1.7058,0.8880,0.4798,1.6433,0.7052,False
xanomeline-trospium,lurasidone,HYPERPROLACTINAEMIA,0,1758,0.0000,7,938,0.7463,0.0353,0.0020,0.6190,0.0221,False
xanomeline-trospium,lurasidone,GALACTORRHOEA,0,1758,0.0000,1,938,0.1066,0.1777,0.0072,4.3668,0.2902,False
xanomeline-trospium,lurasidone,AMENORRHOEA,0,1758,0.0000,7,938,0.7463,0.0353,0.0020,0.6190,0.0221,False
xanomeline-trospium,lurasidone,SOMNOLENCE,42,1758,2.3891,32,938,3.4115,0.6906,0.4343,1.0981,0.1177,False
xanomeline-trospium,lurasidone,SEDATION,13,1758,0.7395,48,938,5.1173,0.1420,0.0773,0.2610,0.0000,True
xanomeline-trospium,lurasidone,ELECTROCARDIOGRAM QT PROLONGED,0,1758,0.0000,7,938,0.7463,0.0353,0.0020,0.6190,0.0221,False
xanomeline-trospium,lurasidone,URINARY RETENTION,112,1758,6.3709,48,938,5.1173,1.2545,0.8872,1.7739,0.1995,False
xanomeline-trospium,lurasidone,DRY MOUTH,45,1758,2.5597,12,938,1.2793,1.9682,1.0472,3.6991,0.0354,False
xanomeline-trospium,lurasidone,VISION BLURRED,68,1758,3.8680,4,938,0.4264,8.4148,3.2311,21.9145,0.0000,True
xanomeline-trospium,lurasidone,INSOMNIA,37,1758,2.1047,30,938,3.1983,0.6489,0.3997,1.0535,0.0802,False
xanomeline-trospium,lurasidone,HEADACHE,35,1758,1.9909,13,938,1.3859,1.4121,0.7507,2.6561,0.2844,False
xanomeline-trospium,lurasidone,DIZZINESS,79,1758,4.4937,15,938,1.5991,2.8203,1.6270,4.8888,0.0002,True
xanomeline-trospium,brexpiprazole,NAUSEA,365,1758,20.7622,13,1598,0.8135,30.8044,17.8090,53.2827,0.0000,True
xanomeline-trospium,brexpiprazole,VOMITING,297,1758,16.8942,14,1598,0.8761,22.2440,13.0682,37.8624,0.0000,True
xanomeline-trospium,brexpiprazole,CONSTIPATION,134,1758,7.6223,4,1598,0.2503,29.3369,11.4390,75.2388,0.0000,True
xanomeline-trospium,brexpiprazole,DYSPEPSIA,65,1758,3.6974,1,1598,0.0626,41.1913,8.1517,208.1428,0.0000,True
xanomeline-trospium,brexpiprazole,DIARRHOEA,38,1758,2.1615,14,1598,0.8761,2.4453,1.3316,4.4903,0.0039,False
xanomeline-trospium,brexpiprazole,TACHYCARDIA,24,1758,1.3652,7,1598,0.4380,2.9973,1.3191,6.8106,0.0088,False
xanomeline-trospium,brexpiprazole,HYPERTENSION,25,1758,1.4221,8,1598,0.5006,2.7525,1.2627,6.0001,0.0109,False
xanomeline-trospium,brexpiprazole,BLOOD PRESSURE INCREASED,21,1758,1.1945,8,1598,0.5006,2.3154,1.0435,5.1378,0.0390,False
xanomeline-trospium,brexpiprazole,WEIGHT INCREASED,13,1758,0.7395,45,1598,2.8160,0.2641,0.1433,0.4866,0.0000,True
xanomeline-trospium,brexpiprazole,HYPERGLYCAEMIA,0,1758,0.0000,1,1598,0.0626,0.3028,0.0123,7.4391,0.4645,False
xanomeline-trospium,brexpiprazole,DIABETES MELLITUS,0,1758,0.0000,10,1598,0.6258,0.0430,0.0025,0.7347,0.0298,False
xanomeline-trospium,brexpiprazole,METABOLIC SYNDROME,0,1758,0.0000,1,1598,0.0626,0.3028,0.0123,7.4391,0.4645,False
xanomeline-trospium,brexpiprazole,BLOOD GLUCOSE INCREASED,2,1758,0.1138,11,1598,0.6884,0.1965,0.0500,0.7727,0.0199,False
xanomeline-trospium,brexpiprazole,DYSLIPIDAEMIA,0,1758,0.0000,0,1598,0.0000,0.9090,0.0180,45.8415,0.9620,False
xanomeline-trospium,brexpiprazole,DYSTONIA,1,1758,0.0569,15,1598,0.9387,0.0872,0.0163,0.4666,0.0044,False
xanomeline-trospium,brexpiprazole,AKATHISIA,8,1758,0.4551,49,1598,3.0663,0.1520,0.0732,0.3157,0.0000,True
xanomeline-trospium,brexpiprazole,PARKINSONISM,2,1758,0.1138,26,1598,1.6270,0.0845,0.0231,0.3094,0.0002,True
xanomeline-trospium,brexpiprazole,TARDIVE DYSKINESIA,2,1758,0.1138,27,1598,1.6896,0.0813,0.0222,0.2974,0.0001,True
xanomeline-trospium,brexpiprazole,EXTRAPYRAMIDAL DISORDER,4,1758,0.2275,20,1598,1.2516,0.1975,0.0710,0.5491,0.0019,False
xanomeline-trospium,brexpiprazole,TREMOR,27,1758,1.5358,54,1598,3.3792,0.4501,0.2831,0.7155,0.0007,False
xanomeline-trospium,brexpiprazole,HYPERPROLACTINAEMIA,0,1758,0.0000,15,1598,0.9387,0.0290,0.0017,0.4859,0.0138,False
xanomeline-trospium,brexpiprazole,GALACTORRHOEA,0,1758,0.0000,2,1598,0.1252,0.1816,0.0087,3.7852,0.2709,False
xanomeline-trospium,brexpiprazole,AMENORRHOEA,0,1758,0.0000,1,1598,0.0626,0.3028,0.0123,7.4391,0.4645,False
xanomeline-trospium,brexpiprazole,SOMNOLENCE,42,1758,2.3891,45,1598,2.8160,0.8454,0.5534,1.2914,0.4371,False
xanomeline-trospium,brexpiprazole,SEDATION,13,1758,0.7395,24,1598,1.5019,0.4970,0.2549,0.9692,0.0402,False
xanomeline-trospium,brexpiprazole,ELECTROCARDIOGRAM QT PROLONGED,0,1758,0.0000,31,1598,1.9399,0.0141,0.0009,0.2314,0.0028,False
xanomeline-trospium,brexpiprazole,URINARY RETENTION,112,1758,6.3709,28,1598,1.7522,3.7652,2.4818,5.7121,0.0000,True
xanomeline-trospium,brexpiprazole,DRY MOUTH,45,1758,2.5597,4,1598,0.2503,9.4089,3.5633,24.8441,0.0000,True
xanomeline-trospium,brexpiprazole,VISION BLURRED,68,1758,3.8680,9,1598,0.5632,6.7797,3.4278,13.4094,0.0000,True
xanomeline-trospium,brexpiprazole,INSOMNIA,37,1758,2.1047,63,1598,3.9424,0.5267,0.3498,0.7933,0.0022,False
xanomeline-trospium,brexpiprazole,HEADACHE,35,1758,1.9909,7,1598,0.4380,4.3708,1.9825,9.6366,0.0003,True
xanomeline-trospium,brexpiprazole,DIZZINESS,79,1758,4.4937,30,1598,1.8773,2.4343,1.5945,3.7164,0.0000,True
