pt,a,expected,ebgm_old,ebgm,eb05_old,eb05,n_methods_signal
AMPHETAMINES POSITIVE,3,0.0204,25.0677,120.6064,9.5618,29.2573,4
DROOLING,38,0.6480,50.2844,57.6766,38.2950,43.3879,4
URINARY RETENTION,112,2.8181,38.3165,39.2305,32.7300,33.4136,4
VIOLENCE-RELATED SYMPTOM,3,0.0563,19.7139,33.2779,7.3813,9.4705,4
SALIVARY HYPERSECRETION,23,0.8341,24.6644,25.5118,17.3604,17.7388,4
"HALLUCINATION, AUDITORY",32,1.3025,22.8642,23.2601,16.9867,17.1807,4
SOLILOQUY,3,0.0963,15.8118,19.1935,5.6809,6.5416,4
PSYCHOTIC DISORDER,33,2.1603,14.6899,14.7146,10.9640,10.9633,4
PSYCHIATRIC DECOMPENSATION,4,0.1991,13.8899,14.6750,5.8048,6.1040,4
INTRUSIVE THOUGHTS,4,0.2065,13.5560,14.2625,5.6403,5.9480,4
VOMITING PROJECTILE,6,0.3542,13.6547,13.8952,6.8213,6.8522,4
SCHIZOAFFECTIVE DISORDER,3,0.1469,12.4918,13.7671,4.0522,5.0025,4
MANIA,15,1.0234,13.5505,13.5811,8.7644,8.7425,4
TACHYPHRENIA,4,0.2261,12.7313,13.2926,5.2255,5.5744,4
PARANOIA,13,1.1107,10.9517,10.9291,6.8497,6.8143,4
SCHIZOPHRENIA,13,1.1679,10.4623,10.4341,6.5403,6.5072,4
NEGATIVE THOUGHTS,3,0.2375,8.7852,9.7000,2.3296,3.6201,4
AKATHISIA,8,0.8986,8.2030,8.2449,4.3427,4.5114,4
ANGER,15,1.8167,7.9660,7.9448,5.1156,5.1256,4
SEDATION COMPLICATION,3,0.3240,6.6094,7.6775,1.6960,2.8833,4
DYSURIA,20,2.6687,7.3222,7.3063,4.9950,5.0040,4
VOMITING,297,41.2347,7.1929,7.1907,6.5323,6.5303,4
DYSPEPSIA,65,9.0696,7.1224,7.1134,5.7851,5.7786,4
HYPERHIDROSIS,62,8.7521,7.0388,7.0297,5.6880,5.6819,4
ANURIA,4,0.5166,6.1686,6.8879,1.9639,2.9421,4
TREATMENT NONCOMPLIANCE,43,6.3780,6.6827,6.6735,5.1656,5.1644,4
DRY MOUTH,45,7.1917,6.2079,6.2035,4.8226,4.8290,4
COLD SWEAT,8,1.2470,5.8917,6.1183,2.8826,3.3505,4
THINKING ABNORMAL,6,0.9467,5.5277,5.9662,2.2820,2.9759,4
VISION BLURRED,68,11.3825,5.9449,5.9426,4.8463,4.8503,4
CONSTIPATION,134,22.5814,5.9202,5.9183,5.1244,5.1245,4
FEELING OF BODY TEMPERATURE CHANGE,3,0.4750,4.3950,5.6627,1.2302,2.1331,4
DELUSION,8,1.3629,5.3410,5.6357,2.5696,3.0865,4
GASTROOESOPHAGEAL REFLUX DISEASE,42,7.3974,5.6277,5.6338,4.3220,4.3465,4
NAUSEA,365,64.8762,5.6215,5.6211,5.1534,5.1536,4
"HALLUCINATION, VISUAL",12,2.1023,5.4208,5.5590,3.1139,3.4039,4
ABNORMAL BEHAVIOUR,9,1.6469,5.0086,5.2929,2.5303,3.0013,4
HICCUPS,4,0.7092,4.3056,5.2566,1.4352,2.2479,4
ADVERSE EVENT,34,7.0497,4.7433,4.7899,3.5031,3.5883,4
MOVEMENT DISORDER,11,2.3227,4.3547,4.6438,2.3749,2.7815,4
EXTRAPYRAMIDAL DISORDER,4,0.8259,3.5975,4.5988,1.2629,1.9670,3
SEDATION,13,3.1576,3.7682,4.0689,2.1880,2.5408,4
HEART RATE INCREASED,35,9.0149,3.7640,3.8678,2.7773,2.9098,4
AGGRESSION,11,2.9748,3.2574,3.6618,1.8160,2.1934,4
INCREASED APPETITE,8,2.1733,3.0823,3.6339,1.5472,1.9905,3
AGITATION,16,4.3744,3.3575,3.6337,2.0914,2.3784,4
URINARY INCONTINENCE,8,2.1766,3.0770,3.6286,1.5451,1.9876,3
PRODUCT SUPPLY ISSUE,4,1.1328,2.5306,3.4613,1.0038,1.4805,3
DYSKINESIA,10,2.8834,2.9865,3.4396,1.6345,2.0087,4
HYPERSOMNIA,8,2.3668,2.7997,3.3499,1.4345,1.8349,3
TACHYCARDIA,24,7.2513,3.1028,3.3002,2.1419,2.3377,4
RETCHING,6,1.8045,2.6049,3.2899,1.2169,1.6415,3
APATHY,4,1.2242,2.3409,3.2239,0.9541,1.3789,3
LOSS OF THERAPEUTIC RESPONSE,3,0.9247,2.1726,3.1932,0.8016,1.2037,2
GALLBLADDER DISORDER,3,1.0446,1.9538,2.8610,0.7498,1.0783,2
HALLUCINATION,21,7.3508,2.6277,2.8541,1.7848,1.9733,3
THERAPEUTIC RESPONSE UNEXPECTED,8,2.8507,2.3061,2.8022,1.2307,1.5348,3
SUICIDAL IDEATION,18,6.4906,2.5159,2.7716,1.6586,1.8594,3
SOMNOLENCE,42,15.6492,2.5680,2.6837,1.9687,2.0705,4
GASTROINTESTINAL DISORDER,32,12.0052,2.5171,2.6655,1.8532,1.9788,3
INITIAL INSOMNIA,3,1.1352,1.8261,2.6525,0.7172,0.9996,2
BLEPHAROSPASM,3,1.1875,1.7632,2.5455,0.7003,0.9592,2
ORTHOSTATIC HYPOTENSION,3,1.2168,1.7307,2.4892,0.6913,0.9379,2
RESTLESSNESS,6,2.4982,1.9094,2.4145,0.9607,1.2045,2
TREMOR,27,11.2168,2.2524,2.4096,1.6199,1.7414,3
ABDOMINAL DISCOMFORT,36,15.3929,2.2240,2.3410,1.6750,1.7683,3
NIGHT SWEATS,8,3.5501,1.8845,2.2666,1.0399,1.2413,3
NIGHTMARE,5,2.2313,1.7517,2.2629,0.8424,1.0568,2
IRRITABILITY,8,3.5771,1.8722,2.2499,1.0340,1.2322,3
ANGIOEDEMA,8,3.6163,1.8547,2.2263,1.0256,1.2193,3
DYSPHAGIA,17,7.8585,1.9686,2.1702,1.3057,1.4389,3
MUSCLE TWITCHING,3,1.4943,1.4939,2.0579,0.6201,0.7751,0
PHARYNGEAL SWELLING,3,1.5433,1.4616,1.9968,0.6095,0.7520,0
DIZZINESS,79,39.7714,1.9449,1.9882,1.6113,1.6471,2
INSOMNIA,37,18.9521,1.8710,1.9563,1.4201,1.4835,2
DISTURBANCE IN ATTENTION,6,3.1641,1.5757,1.9231,0.8161,0.9592,0
ABDOMINAL PAIN UPPER,34,18.5252,1.7586,1.8402,1.3202,1.3785,2
PRODUCT ADMINISTRATION ERROR,5,2.7920,1.4753,1.8253,0.7281,0.8522,0
CHEST PAIN,22,12.7087,1.6328,1.7390,1.1452,1.2127,2
ERUCTATION,4,2.4753,1.3360,1.6624,0.6218,0.7104,0
BLOOD PRESSURE INCREASED,21,12.9601,1.5339,1.6290,1.0682,1.1262,2
DYSSTASIA,3,1.9163,1.2688,1.6286,0.5419,0.6130,0
UNRESPONSIVE TO STIMULI,3,2.0077,1.2317,1.5581,0.5280,0.5864,0
THROAT TIGHTNESS,3,2.0656,1.2096,1.5166,0.5196,0.5707,0
MENTAL DISORDER,5,3.3861,1.2816,1.5148,0.6405,0.7071,0
MOOD ALTERED,3,2.1562,1.1771,1.4558,0.5070,0.5478,0
SPEECH DISORDER,5,3.5812,1.2307,1.4346,0.6166,0.6696,0
DYSPHONIA,7,5.1628,1.2343,1.3832,0.6784,0.7263,0
PRODUCT USE COMPLAINT,4,3.0017,1.1703,1.3807,0.5508,0.5898,0
HYPERTENSION,25,18.3889,1.3154,1.3671,0.9451,0.9752,0
CONFUSIONAL STATE,16,11.8575,1.2860,1.3613,0.8535,0.8909,0
FEELING HOT,6,4.5156,1.2026,1.3607,0.6349,0.6784,0
WEIGHT DECREASED,32,23.6325,1.3192,1.3600,0.9842,1.0096,0
LETHARGY,5,3.8546,1.1667,1.3355,0.5861,0.6233,0
FEELING ABNORMAL,18,14.1361,1.2266,1.2839,0.8330,0.8612,0
ADVERSE DRUG REACTION,13,10.3166,1.2010,1.2747,0.7648,0.7958,0
PALPITATIONS,12,9.5397,1.1953,1.2737,0.7483,0.7798,0
THERAPY NON-RESPONDER,8,6.5062,1.1513,1.2533,0.6560,0.6861,0
HEPATIC ENZYME INCREASED,9,7.3182,1.1580,1.2509,0.6791,0.7090,0
COMPLETED SUICIDE,6,4.9531,1.1211,1.2429,0.5932,0.6197,0
LIMB DISCOMFORT,3,2.5463,1.0589,1.2414,0.4599,0.4669,0
DYSARTHRIA,3,2.5716,1.0522,1.2297,0.4571,0.4625,0
INTESTINAL OBSTRUCTION,5,4.2667,1.0834,1.2096,0.5458,0.5644,0
POLLAKIURIA,4,3.4473,1.0637,1.2074,0.5031,0.5156,0
NERVOUSNESS,3,2.6230,1.0389,1.2065,0.4517,0.4537,0
DEHYDRATION,11,9.4515,1.1148,1.1808,0.6852,0.7070,0
EMOTIONAL DISORDER,3,2.6851,1.0234,1.1796,0.4453,0.4436,0
BRAIN FOG,7,6.0981,1.0832,1.1746,0.5974,0.6166,0
PANIC ATTACK,3,2.7063,1.0182,1.1707,0.4432,0.4402,0
VERTIGO,5,4.4667,1.0475,1.1566,0.5282,0.5397,0
PRODUCT DISTRIBUTION ISSUE,3,2.9185,0.9695,1.0884,0.4229,0.4092,0
CIRCUMSTANCE OR INFORMATION CAPABLE OF LEADING TO MEDICATION ERROR,3,2.9429,0.9642,1.0797,0.4207,0.4059,0
ACCIDENTAL OVERDOSE,4,4.0553,0.9489,1.0308,0.4504,0.4401,0
CHILLS,9,8.9725,0.9779,1.0228,0.5747,0.5797,0
DECREASED APPETITE,22,21.8713,0.9936,1.0139,0.6998,0.7070,0
DRUG INTOLERANCE,9,9.4548,0.9357,0.9712,0.5501,0.5504,0
SLEEP DISORDER,7,7.6520,0.9030,0.9391,0.4992,0.4929,0
BLOOD CREATININE INCREASED,4,4.4993,0.8806,0.9312,0.4185,0.3975,0
OFF LABEL USE,119,128.0101,0.9284,0.9310,0.7974,0.7990,0
RASH MACULAR,3,3.5436,0.8520,0.9016,0.3730,0.3387,0
MUSCULAR WEAKNESS,8,9.1259,0.8724,0.8974,0.4987,0.4912,0
DEPRESSION,12,13.6946,0.8730,0.8901,0.5477,0.5448,0
PRODUCT AVAILABILITY ISSUE,4,4.7605,0.8450,0.8812,0.4019,0.3760,0
IMPAIRED GASTRIC EMPTYING,3,3.6530,0.8345,0.8753,0.3654,0.3288,0
TASTE DISORDER,3,3.7281,0.8230,0.8581,0.3604,0.3223,0
URINARY TRACT INFECTION,13,16.3649,0.7997,0.8064,0.5104,0.5033,0
HOSPITALISATION,13,16.9991,0.7728,0.7765,0.4932,0.4847,0
VISUAL IMPAIRMENT,9,11.9203,0.7675,0.7719,0.4515,0.4374,0
THERAPY INTERRUPTED,11,14.5711,0.7653,0.7687,0.4713,0.4602,0
ANXIETY,15,19.8702,0.7627,0.7650,0.5011,0.4935,0
INSURANCE ISSUE,3,4.2169,0.7552,0.7608,0.3310,0.2856,0
THERAPY CESSATION,3,4.4063,0.7320,0.7287,0.3209,0.2735,0
FLUSHING,4,5.8484,0.7242,0.7198,0.3447,0.3070,0
THERAPEUTIC RESPONSE DECREASED,4,5.8810,0.7211,0.7159,0.3432,0.3053,0
DRY EYE,5,7.3525,0.7142,0.7085,0.3617,0.3303,0
HEADACHE,35,50.7271,0.6954,0.6940,0.5259,0.5221,0
ABDOMINAL PAIN,14,20.8879,0.6846,0.6802,0.4436,0.4320,0
MEMORY IMPAIRMENT,7,10.6733,0.6842,0.6756,0.3786,0.3545,0
WEIGHT INCREASED,13,20.5100,0.6514,0.6442,0.4158,0.4020,0
FLATULENCE,3,5.0200,0.6658,0.6412,0.2919,0.2406,0
DIARRHOEA,38,60.1305,0.6383,0.6355,0.4881,0.4836,0
GAIT DISTURBANCE,8,13.8407,0.6098,0.5937,0.3487,0.3248,0
EPISTAXIS,3,5.6713,0.6077,0.5686,0.2663,0.2132,0
HYPOAESTHESIA,6,11.4919,0.5672,0.5415,0.3015,0.2697,0
BALANCE DISORDER,3,6.0426,0.5789,0.5341,0.2536,0.2002,0
HOT FLUSH,5,9.9812,0.5551,0.5235,0.2809,0.2439,0
ILLNESS,12,23.5142,0.5349,0.5198,0.3356,0.3181,0
HAEMATOCHEZIA,3,6.2140,0.5665,0.5196,0.2481,0.1948,0
MALAISE,15,31.3735,0.4987,0.4853,0.3275,0.3130,0
CONDITION AGGRAVATED,18,37.9694,0.4914,0.4800,0.3342,0.3219,0
OVERDOSE,5,11.1401,0.5055,0.4694,0.2557,0.2187,0
SEIZURE,6,13.3502,0.4978,0.4665,0.2644,0.2323,0
FATIGUE,32,70.4316,0.4644,0.4575,0.3468,0.3396,0
DRUG INTERACTION,5,11.4813,0.4925,0.4555,0.2491,0.2122,0
ABDOMINAL DISTENSION,4,9.6964,0.4819,0.4365,0.2289,0.1859,0
DRUG INEFFECTIVE,44,101.7667,0.4398,0.4346,0.3426,0.3373,0
EXTRA DOSE ADMINISTERED,3,7.4822,0.4891,0.4323,0.2138,0.1619,0
URTICARIA,7,16.8424,0.4582,0.4293,0.2532,0.2251,0
DISCOMFORT,3,7.7450,0.4756,0.4178,0.2078,0.1565,0
RASH,17,42.5552,0.4181,0.4049,0.2812,0.2683,0
ASTHENIA,12,30.4725,0.4197,0.4014,0.2632,0.2456,0
CEREBROVASCULAR ACCIDENT,3,9.3536,0.4068,0.3464,0.1773,0.1296,0
CHEST DISCOMFORT,3,9.3699,0.4062,0.3458,0.1770,0.1294,0
MIGRAINE,3,9.5503,0.3997,0.3393,0.1741,0.1269,0
PERIPHERAL SWELLING,5,15.5994,0.3758,0.3357,0.1896,0.1563,0
WRONG TECHNIQUE IN PRODUCT USAGE PROCESS,6,19.8971,0.3474,0.3135,0.1840,0.1560,0
PRODUCT STORAGE ERROR,4,14.0659,0.3488,0.3014,0.1650,0.1283,0
HYPERSENSITIVITY,4,14.9816,0.3296,0.2831,0.1557,0.1204,0
GENERAL PHYSICAL HEALTH DETERIORATION,3,13.9868,0.2863,0.2319,0.1237,0.0866,0
MUSCLE SPASMS,3,14.1426,0.2834,0.2293,0.1224,0.0856,0
PRODUCT DOSE OMISSION ISSUE,15,67.2218,0.2394,0.2267,0.1569,0.1462,0
ALOPECIA,3,14.4552,0.2779,0.2244,0.1199,0.0838,0
HYPOTENSION,3,15.1914,0.2656,0.2135,0.1145,0.0797,0
DYSPNOEA,9,46.0131,0.2198,0.2008,0.1286,0.1136,0
COVID-19,3,20.1126,0.2046,0.1612,0.0874,0.0601,0
DEATH,10,65.4304,0.1707,0.1565,0.1022,0.0912,0
PRURITUS,7,47.2275,0.1729,0.1533,0.0946,0.0802,0
FALL,3,27.3777,0.1520,0.1183,0.0641,0.0440,0
PAIN,3,44.3107,0.0937,0.0729,0.0385,0.0270,0
