pt,a,n_reaction,n_drug,N,b,c,d,expected,prr,prr_lower95,prr_upper95,prr_chi2,ror,ror_lower95,ror_upper95,ic,ic025,ic975,signal_prr,signal_ror,signal_bcpnn,n_methods_signal
SLEEP DISORDER,7,4834,1737,1432164,1730,4827,1425600,5.8629,1.2787,0.6257,2.6130,0.0695,1.2799,0.6244,2.6236,0.3547,-0.6778,1.3872,False,False,False,0
IRRITABILITY,8,2831,1737,1432164,1729,2823,1427604,3.4336,2.4777,1.2658,4.8499,4.8313,2.4850,1.2653,4.8802,1.3071,0.3372,2.2770,True,True,True,3
DIARRHOEA,37,44979,1737,1432164,1700,44942,1385485,54.5528,0.6867,0.5003,0.9426,5.5101,0.6798,0.4918,0.9397,-0.5412,-1.0029,-0.0794,False,False,False,0
DIZZINESS,79,30501,1737,1432164,1658,30422,1400005,36.9931,2.1507,1.7346,2.6667,47.6425,2.2059,1.7609,2.7634,1.1033,0.7861,1.4204,True,True,True,3
VERTIGO,5,3007,1737,1432164,1732,3002,1427425,3.6470,1.5076,0.6540,3.4755,0.2002,1.5092,0.6530,3.4884,0.5921,-0.6137,1.7978,False,False,False,0
LETHARGY,5,3047,1737,1432164,1732,3042,1427385,3.6956,1.4878,0.6454,3.4297,0.1757,1.4894,0.6444,3.4424,0.5730,-0.6327,1.7787,False,False,False,0
COLD SWEAT,8,749,1737,1432164,1729,741,1429686,0.9084,9.4346,4.8062,18.5202,47.9119,9.4761,4.8115,18.6627,3.2246,2.2548,4.1945,True,True,True,3
HYPERSOMNIA,8,2100,1737,1432164,1729,2092,1428335,2.5470,3.3433,1.7074,6.5466,9.6578,3.3548,1.7076,6.5908,1.7379,0.7680,2.7078,True,True,True,3
RETCHING,6,1683,1737,1432164,1731,1677,1428750,2.0412,3.1891,1.4783,6.8796,5.8748,3.1973,1.4779,6.9172,1.6702,0.5611,2.7793,True,True,True,3
PRODUCT DISTRIBUTION ISSUE,3,2970,1737,1432164,1734,2967,1427460,3.6022,0.9707,0.3406,2.7663,0.0029,0.9707,0.3399,2.7720,-0.0422,-1.5536,1.4693,False,False,False,0
SCHIZOAFFECTIVE DISORDER,3,45,1737,1432164,1734,42,1430385,0.0546,67.7790,22.8127,201.3787,109.7056,67.9138,22.8117,202.1895,5.9865,4.4751,7.4980,True,True,True,3
DYSPHAGIA,17,5471,1737,1432164,1720,5454,1424973,6.6355,2.6406,1.6555,4.2119,14.7389,2.6573,1.6580,4.2587,1.3985,0.7226,2.0745,True,True,True,3
DRY EYE,5,7781,1737,1432164,1732,7776,1422651,9.4372,0.5821,0.2526,1.3412,1.6536,0.5808,0.2514,1.3417,-0.7794,-1.9852,0.4263,False,False,False,0
CONSTIPATION,133,18821,1737,1432164,1604,18688,1411739,22.8270,5.8793,4.9919,6.9243,534.5909,6.2852,5.2649,7.5033,2.5476,2.3029,2.7923,True,True,True,3
HYPERTENSION,24,9287,1737,1432164,1713,9263,1421164,11.2637,2.1767,1.4683,3.2269,13.3958,2.1936,1.4714,3.2702,1.1206,0.5493,1.6919,True,True,True,3
ANXIETY,15,15228,1737,1432164,1722,15213,1415214,18.4693,0.8385,0.5107,1.3768,0.4831,0.8371,0.5075,1.3806,-0.2533,-0.9715,0.4649,False,False,False,0
ABDOMINAL DISTENSION,4,6898,1737,1432164,1733,6894,1423533,8.3662,0.5372,0.2134,1.3521,1.7975,0.5360,0.2124,1.3523,-0.8952,-2.2282,0.4378,False,False,False,0
ABDOMINAL PAIN UPPER,34,14128,1737,1432164,1703,14094,1416333,17.1351,2.0146,1.4472,2.8044,15.8041,2.0351,1.4522,2.8520,1.0092,0.5278,1.4906,True,True,True,3
TASTE DISORDER,3,2613,1737,1432164,1734,2610,1427817,3.1692,1.1035,0.3872,3.1449,0.0346,1.1037,0.3864,3.1521,0.1426,-1.3689,1.6540,False,False,False,0
EXTRAPYRAMIDAL DISORDER,4,191,1737,1432164,1733,187,1430240,0.2317,19.7527,7.7640,50.2536,46.1743,19.8014,7.7647,50.4970,4.2757,2.9427,5.6087,True,True,True,3
INCREASED APPETITE,8,2131,1737,1432164,1729,2123,1428304,2.5846,3.2944,1.6825,6.4509,9.3735,3.3057,1.6827,6.4943,1.7168,0.7469,2.6867,True,True,True,3
FLATULENCE,3,4293,1737,1432164,1734,4290,1426137,5.2068,0.6714,0.2356,1.9129,0.5618,0.6707,0.2349,1.9151,-0.5736,-2.0851,0.9378,False,False,False,0
HICCUPS,4,504,1737,1432164,1733,500,1429927,0.6113,7.3999,2.9287,18.6971,13.6727,7.4165,2.9283,18.7839,2.8782,1.5452,4.2112,True,True,True,3
INITIAL INSOMNIA,3,1061,1737,1432164,1734,1058,1429369,1.2868,2.7214,0.9539,7.7639,1.1460,2.7249,0.9531,7.7903,1.4424,-0.0690,2.9539,False,False,False,0
AKATHISIA,8,491,1737,1432164,1729,483,1429944,0.5955,14.4690,7.3558,28.4610,80.1772,14.5352,7.3653,28.6849,3.8334,2.8635,4.8033,True,True,True,3
FATIGUE,32,56762,1737,1432164,1705,56730,1373697,68.8438,0.4715,0.3354,0.6629,20.0026,0.4614,0.3261,0.6529,-1.0833,-1.5793,-0.5873,False,False,False,0
THERAPY INTERRUPTED,11,15609,1737,1432164,1726,15598,1414829,18.9314,0.6068,0.3410,1.0797,2.9529,0.6042,0.3382,1.0792,-0.7196,-1.5534,0.1142,False,False,False,0
HYPERSENSITIVITY,4,10646,1737,1432164,1733,10642,1419785,12.9120,0.3480,0.1383,0.8758,5.5281,0.3463,0.1373,0.8737,-1.5212,-2.8542,-0.1882,False,False,False,0
NIGHT SWEATS,8,1918,1737,1432164,1729,1910,1428517,2.3262,3.6617,1.8698,7.1711,11.5363,3.6748,1.8703,7.2205,1.8687,0.8988,2.8386,True,True,True,3
DRUG INTERACTION,5,4742,1737,1432164,1732,4737,1425690,5.7513,0.9555,0.4146,2.2020,0.0110,0.9554,0.4134,2.2076,-0.0650,-1.2708,1.1407,False,False,False,0
VISUAL IMPAIRMENT,9,10076,1737,1432164,1728,10067,1420360,12.2207,0.7766,0.4118,1.4647,0.6107,0.7754,0.4097,1.4675,-0.3638,-1.2812,0.5536,False,False,False,0
CHEST DISCOMFORT,3,5657,1737,1432164,1734,5654,1424773,6.8611,0.5094,0.1788,1.4513,1.6551,0.5084,0.1781,1.4516,-0.9716,-2.4831,0.5398,False,False,False,0
TREMOR,27,8149,1737,1432164,1710,8122,1422305,9.8835,2.7865,1.9220,4.0399,28.1302,2.8152,1.9303,4.1059,1.4758,0.9366,2.0150,True,True,True,3
UNRESPONSIVE TO STIMULI,3,1393,1737,1432164,1734,1390,1429037,1.6895,2.0716,0.7264,5.9077,0.3897,2.0738,0.7257,5.9264,1.0498,-0.4616,2.5613,False,False,False,0
MEMORY IMPAIRMENT,7,8306,1737,1432164,1730,8299,1422128,10.0739,0.7437,0.3640,1.5195,0.6623,0.7426,0.3624,1.5220,-0.4262,-1.4587,0.6064,False,False,False,0
SALIVARY HYPERSECRETION,23,412,1737,1432164,1714,389,1430038,0.4997,49.6566,32.8339,75.0984,970.0747,50.3235,33.0973,76.5155,5.5533,4.9700,6.1366,True,True,True,3
NAUSEA,361,51658,1737,1432164,1376,51297,1379130,62.6534,5.8000,5.2895,6.3598,1470.6934,7.0606,6.2862,7.9304,2.5281,2.3794,2.6768,True,True,True,3
WEIGHT DECREASED,31,16235,1737,1432164,1706,16204,1414223,19.6906,1.5999,1.1315,2.2622,6.0093,1.6110,1.1321,2.2924,0.6774,0.1736,1.1812,False,True,True,2
INSOMNIA,36,14542,1737,1432164,1701,14506,1415921,17.6373,2.0708,1.5016,2.8558,18.2989,2.0938,1.5079,2.9074,1.0488,0.5808,1.5168,True,True,True,3
MUSCLE TWITCHING,3,1012,1737,1432164,1734,1009,1429418,1.2274,2.8535,1.0001,8.1415,1.3220,2.8572,0.9993,8.1694,1.5106,-0.0008,3.0221,False,False,False,0
PRODUCT ADMINISTRATION ERROR,5,2485,1737,1432164,1732,2480,1427947,3.0139,1.8249,0.7915,4.2075,0.7349,1.8275,0.7905,4.2247,0.8671,-0.3386,2.0728,False,False,False,0
GASTROINTESTINAL DISORDER,29,8251,1737,1432164,1708,8222,1422205,10.0072,2.9528,2.0633,4.2257,34.4133,2.9865,2.0740,4.3005,1.5592,1.0386,2.0798,True,True,True,3
PARANOIA,13,769,1737,1432164,1724,756,1429671,0.9327,14.6873,8.5922,25.1059,143.7118,14.7944,8.6193,25.3937,3.8541,3.0845,4.6237,True,True,True,3
DRUG INEFFECTIVE,43,89626,1737,1432164,1694,89583,1340844,108.7029,0.3996,0.2980,0.5360,41.7721,0.3842,0.2844,0.5192,-1.3217,-1.7505,-0.8930,False,False,False,0
PRURITUS,7,43876,1737,1432164,1730,43869,1386558,53.2150,0.1407,0.0689,0.2874,40.5624,0.1370,0.0669,0.2807,-2.8273,-3.8598,-1.7948,False,False,False,0
PRODUCT DOSE OMISSION ISSUE,15,73129,1737,1432164,1722,73114,1357313,88.6945,0.1745,0.1063,0.2864,63.7308,0.1671,0.1013,0.2755,-2.5170,-3.2352,-1.7988,False,False,False,0
ALOPECIA,3,11067,1737,1432164,1734,11064,1419363,13.4226,0.2603,0.0914,0.7416,7.4014,0.2589,0.0907,0.7389,-1.9397,-3.4512,-0.4283,False,False,False,0
GENERAL PHYSICAL HEALTH DETERIORATION,3,7635,1737,1432164,1734,7632,1422795,9.2601,0.3774,0.1325,1.0751,3.6066,0.3762,0.1318,1.0738,-1.4042,-2.9156,0.1073,False,False,False,0
HOT FLUSH,5,9145,1737,1432164,1732,9140,1421287,11.0915,0.4952,0.2149,1.1410,2.8404,0.4936,0.2137,1.1404,-1.0124,-2.2182,0.1933,False,False,False,0
MIGRAINE,3,7588,1737,1432164,1734,7585,1422842,9.2031,0.3798,0.1333,1.0818,3.5573,0.3785,0.1326,1.0805,-1.3953,-2.9067,0.1162,False,False,False,0
THERAPEUTIC RESPONSE UNEXPECTED,8,3041,1737,1432164,1729,3033,1427394,3.6883,2.3062,1.1782,4.5139,3.9525,2.3126,1.1776,4.5414,1.2039,0.2340,2.1737,False,True,True,2
COMPLETED SUICIDE,6,4936,1737,1432164,1731,4930,1425497,5.9866,1.0850,0.5035,2.3383,0.0397,1.0853,0.5022,2.3458,0.1181,-0.9910,1.2272,False,False,False,0
LIMB DISCOMFORT,3,1847,1737,1432164,1734,1844,1428583,2.2401,1.5617,0.5478,4.4522,0.0302,1.5629,0.5471,4.4648,0.6430,-0.8685,2.1544,False,False,False,0
POLLAKIURIA,4,3062,1737,1432164,1733,3058,1427369,3.7137,1.2109,0.4809,3.0490,0.0123,1.2115,0.4800,3.0577,0.2764,-1.0566,1.6094,False,False,False,0
FEELING ABNORMAL,18,13533,1737,1432164,1719,13515,1416912,16.4135,1.1266,0.7158,1.7731,0.0727,1.1279,0.7131,1.7839,0.1722,-0.4852,0.8296,False,False,False,0
NERVOUSNESS,3,2178,1737,1432164,1734,2175,1428252,2.6416,1.3241,0.4645,3.7742,0.0076,1.3248,0.4638,3.7841,0.4052,-1.1063,1.9167,False,False,False,0
VISION BLURRED,68,10078,1737,1432164,1669,10010,1420417,12.2231,5.6318,4.4616,7.1090,252.0576,5.8219,4.5686,7.4190,2.4860,2.1444,2.8277,True,True,True,3
DECREASED APPETITE,22,13833,1737,1432164,1715,13811,1416616,16.7774,1.3408,0.8890,2.0220,1.3440,1.3453,0.8872,2.0397,0.4229,-0.1732,1.0191,False,False,False,0
HEART RATE INCREASED,35,6760,1737,1432164,1702,6725,1423702,8.1989,4.3443,3.1343,6.0214,84.8745,4.4140,3.1631,6.1597,2.1138,1.6392,2.5884,True,True,True,3
ABDOMINAL PAIN,14,10430,1737,1432164,1723,10416,1420011,12.6500,1.1457,0.6860,1.9135,0.0576,1.1469,0.6837,1.9238,0.1964,-0.5462,0.9390,False,False,False,0
THERAPY NON-RESPONDER,8,4290,1737,1432164,1729,4282,1426145,5.2031,1.6336,0.8348,3.1965,1.0182,1.6367,0.8337,3.2132,0.7075,-0.2624,1.6774,False,False,False,0
PRODUCT USE COMPLAINT,4,3261,1737,1432164,1733,3257,1427170,3.9551,1.1370,0.4516,2.8627,0.0526,1.1373,0.4506,2.8704,0.1856,-1.1474,1.5186,False,False,False,0
INTRUSIVE THOUGHTS,4,120,1737,1432164,1733,116,1430311,0.1455,31.7909,12.4128,81.4209,77.4141,31.8708,12.4148,81.8180,4.9440,3.6110,6.2770,True,True,True,3
URTICARIA,7,12674,1737,1432164,1730,12667,1417760,15.3717,0.4873,0.2385,0.9955,4.0719,0.4851,0.2367,0.9940,-1.0358,-2.0683,-0.0033,False,False,False,0
DYSPNOEA,9,33342,1737,1432164,1728,33333,1397094,40.4388,0.2346,0.1244,0.4423,24.2642,0.2304,0.1217,0.4359,-2.0902,-3.0076,-1.1728,False,False,False,0
FLUSHING,4,4617,1737,1432164,1733,4613,1425814,5.5997,0.8028,0.3189,2.0209,0.2169,0.8023,0.3179,2.0244,-0.3160,-1.6490,1.0170,False,False,False,0
RASH,17,35788,1737,1432164,1720,35771,1394656,43.4055,0.4026,0.2526,0.6418,15.8765,0.3966,0.2476,0.6352,-1.3110,-1.9869,-0.6350,False,False,False,0
TACHYCARDIA,24,3312,1737,1432164,1713,3288,1427139,4.0170,6.1318,4.1322,9.0988,94.8306,6.2051,4.1583,9.2594,2.6080,2.0367,3.1792,True,True,True,3
HEPATIC ENZYME INCREASED,7,3655,1737,1432164,1730,3648,1426779,4.4330,1.6919,0.8277,3.4581,0.9675,1.6949,0.8266,3.4749,0.7580,-0.2745,1.7905,False,False,False,0
CEREBROVASCULAR ACCIDENT,3,7561,1737,1432164,1734,7558,1422869,9.1704,0.3811,0.1338,1.0857,3.5291,0.3799,0.1331,1.0844,-1.3901,-2.9016,0.1213,False,False,False,0
BALANCE DISORDER,3,4540,1737,1432164,1734,4537,1425890,5.5063,0.6348,0.2228,1.8088,0.7343,0.6341,0.2221,1.8105,-0.6543,-2.1658,0.8571,False,False,False,0
BLOOD PRESSURE INCREASED,21,8462,1737,1432164,1716,8441,1421986,10.2631,2.0962,1.3765,3.1923,10.2838,2.1099,1.3782,3.2302,1.0664,0.4565,1.6762,True,True,True,3
ABNORMAL BEHAVIOUR,9,1234,1737,1432164,1728,1225,1429202,1.4967,6.3801,3.3755,12.0590,32.8390,6.4097,3.3794,12.1571,2.6652,1.7478,3.5826,True,True,True,3
VOMITING PROJECTILE,5,268,1737,1432164,1732,263,1430164,0.3250,17.1790,7.3933,39.9170,53.6995,17.2304,7.3960,40.1415,4.0776,2.8719,5.2833,True,True,True,3
SOMNOLENCE,41,10612,1737,1432164,1696,10571,1419856,12.8708,3.2309,2.3907,4.3665,59.8261,3.2855,2.4133,4.4730,1.6885,1.2496,2.1275,True,True,True,3
ADVERSE DRUG REACTION,13,10688,1737,1432164,1724,10675,1419752,12.9629,1.0408,0.6116,1.7712,0.0167,1.0411,0.6092,1.7792,0.0581,-0.7115,0.8277,False,False,False,0
AGITATION,16,2519,1737,1432164,1721,2503,1427924,3.0552,5.4244,3.3504,8.7822,50.8434,5.4668,3.3612,8.8916,2.4324,1.7363,3.1286,True,True,True,3
EXTRA DOSE ADMINISTERED,3,8763,1737,1432164,1734,8760,1421667,10.6282,0.3288,0.1154,0.9367,4.8161,0.3275,0.1147,0.9348,-1.6030,-3.1144,-0.0915,False,False,False,0
MANIA,14,626,1737,1432164,1723,612,1429815,0.7592,19.4840,11.5993,32.7284,214.1539,19.6395,11.6421,33.1307,4.2538,3.5112,4.9964,True,True,True,3
AMPHETAMINES POSITIVE,3,24,1737,1432164,1734,21,1430406,0.0291,133.9818,43.3349,414.2416,210.0020,134.2501,43.3366,415.8859,6.8796,5.3682,8.3911,True,True,True,3
HOSPITALISATION,13,14262,1737,1432164,1724,14249,1416178,17.2977,0.7797,0.4582,1.3269,0.8432,0.7780,0.4553,1.3295,-0.3581,-1.1277,0.4115,False,False,False,0
ERUCTATION,4,2460,1737,1432164,1733,2456,1427971,2.9836,1.5077,0.5987,3.7969,0.0896,1.5090,0.5978,3.8093,0.5922,-0.7408,1.9251,False,False,False,0
SPEECH DISORDER,5,2444,1737,1432164,1732,2439,1427988,2.9642,1.8556,0.8048,4.2783,0.7980,1.8583,0.8038,4.2959,0.8911,-0.3146,2.0968,False,False,False,0
COVID-19,3,14244,1737,1432164,1734,14241,1416186,17.2758,0.2023,0.0710,0.5761,11.1087,0.2007,0.0703,0.5728,-2.3038,-3.8153,-0.7923,False,False,False,0
THERAPY CESSATION,3,4404,1737,1432164,1734,4401,1426026,5.3414,0.6545,0.2297,1.8647,0.6375,0.6538,0.2290,1.8666,-0.6104,-2.1219,0.9010,False,False,False,0
NIGHTMARE,5,1114,1737,1432164,1732,1109,1429318,1.3511,4.0799,1.7675,9.4175,7.3534,4.0897,1.7671,9.4651,2.0242,0.8185,3.2299,True,True,True,3
RESTLESSNESS,6,1176,1737,1432164,1731,1170,1429257,1.4263,4.5704,2.1173,9.8659,11.6586,4.5838,2.1174,9.9233,2.1871,1.0780,3.2962,True,True,True,3
"HALLUCINATION, AUDITORY",31,646,1737,1432164,1706,615,1429812,0.7835,42.1210,29.5358,60.0687,1128.9604,42.8801,29.8811,61.5338,5.3277,4.8239,5.8316,True,True,True,3
SOLILOQUY,3,54,1737,1432164,1734,51,1430376,0.0655,55.9342,18.9635,164.9812,90.6075,56.0450,18.9623,165.6468,5.7261,4.2147,7.2376,True,True,True,3
ANURIA,4,130,1737,1432164,1733,126,1430301,0.1577,29.2778,11.4474,74.8806,70.9438,29.3512,11.4491,75.2455,4.8290,3.4960,6.1620,True,True,True,3
URINARY TRACT INFECTION,13,12378,1737,1432164,1724,12365,1418062,15.0127,0.8985,0.5280,1.5291,0.1539,0.8977,0.5254,1.5341,-0.1537,-0.9233,0.6159,False,False,False,0
PERIPHERAL SWELLING,5,11884,1737,1432164,1732,11879,1418548,14.4135,0.3810,0.1654,0.8779,5.5651,0.3791,0.1641,0.8757,-1.3904,-2.5961,-0.1847,False,False,False,0
EPISTAXIS,3,4398,1737,1432164,1734,4395,1426032,5.3341,0.6554,0.2300,1.8672,0.6334,0.6547,0.2293,1.8692,-0.6085,-2.1199,0.9030,False,False,False,0
WEIGHT INCREASED,12,15263,1737,1432164,1725,15251,1415176,18.5117,0.6745,0.3882,1.1722,1.9758,0.6722,0.3853,1.1728,-0.5670,-1.3668,0.2328,False,False,False,0
ANGER,15,1460,1737,1432164,1722,1445,1428982,1.7708,8.8253,5.3620,14.5256,91.7096,8.8957,5.3808,14.7066,3.1289,2.4107,3.8471,True,True,True,3
SEDATION COMPLICATION,3,140,1737,1432164,1734,137,1430290,0.1698,20.9499,7.2591,60.4613,32.0200,20.9901,7.2579,60.7041,4.3599,2.8484,5.8714,True,True,True,3
ASTHENIA,12,18817,1737,1432164,1725,18805,1411622,22.8222,0.5471,0.3148,0.9506,4.7365,0.5438,0.3117,0.9487,-0.8690,-1.6687,-0.0692,False,False,False,0
FALL,3,19893,1737,1432164,1734,19890,1410537,24.1272,0.1448,0.0508,0.4125,17.9051,0.1431,0.0501,0.4084,-2.7857,-4.2971,-1.2742,False,False,False,0
CHEST PAIN,22,8046,1737,1432164,1715,8024,1422403,9.7586,2.3077,1.5298,3.4811,14.2242,2.3249,1.5329,3.5259,1.2047,0.6086,1.8008,True,True,True,3
DRY MOUTH,45,4713,1737,1432164,1692,4668,1425759,5.7162,8.0214,6.0131,10.7004,264.3356,8.2102,6.1075,11.0366,2.9922,2.5730,3.4114,True,True,True,3
CONFUSIONAL STATE,16,6193,1737,1432164,1721,6177,1424250,7.5112,2.1983,1.3591,3.5557,8.5441,2.2098,1.3599,3.5908,1.1348,0.4387,1.8309,True,True,True,3
DISTURBANCE IN ATTENTION,6,1881,1737,1432164,1731,1875,1428552,2.2814,2.8524,1.3225,6.1523,4.5524,2.8594,1.3219,6.1851,1.5097,0.4006,2.6188,True,True,True,3
FEELING OF BODY TEMPERATURE CHANGE,3,372,1737,1432164,1734,369,1430058,0.4512,7.7960,2.7238,22.3130,9.3175,7.8097,2.7229,22.3993,2.9532,1.4418,4.4647,True,True,True,3
DELUSION,8,1039,1737,1432164,1729,1031,1429396,1.2602,6.7821,3.4587,13.2990,30.9576,6.8105,3.4618,13.3987,2.7528,1.7829,3.7226,True,True,True,3
DYSPHONIA,7,3998,1737,1432164,1730,3991,1426436,4.8490,1.5465,0.7567,3.1607,0.5644,1.5488,0.7555,3.1753,0.6286,-0.4039,1.6611,False,False,False,0
ACCIDENTAL OVERDOSE,4,3478,1737,1432164,1733,3474,1426953,4.2183,1.0659,0.4234,2.6838,0.0189,1.0661,0.4224,2.6906,0.0926,-1.2403,1.4256,False,False,False,0
CHILLS,8,5617,1737,1432164,1729,5609,1424818,6.8126,1.2471,0.6374,2.4400,0.0697,1.2483,0.6360,2.4504,0.3187,-0.6512,1.2886,False,False,False,0
GASTROOESOPHAGEAL REFLUX DISEASE,41,5268,1737,1432164,1696,5227,1425200,6.3893,6.5339,4.8316,8.8358,183.0021,6.6692,4.8957,9.0852,2.6988,2.2599,3.1378,True,True,True,3
EMOTIONAL DISORDER,3,2651,1737,1432164,1734,2648,1427779,3.2153,1.0876,0.3816,3.0997,0.0253,1.0878,0.3809,3.1068,0.1217,-1.3897,1.6332,False,False,False,0
SEDATION,13,2729,1737,1432164,1724,2716,1427711,3.3099,4.0902,2.4010,6.9677,25.5970,4.1144,2.4052,7.0380,2.0274,1.2578,2.7970,True,True,True,3
MOVEMENT DISORDER,11,1369,1737,1432164,1726,1358,1429069,1.6604,6.9671,3.9067,12.4250,47.1626,7.0069,3.9140,12.5438,2.7911,1.9573,3.6249,True,True,True,3
PRODUCT STORAGE ERROR,4,16382,1737,1432164,1733,16378,1414049,19.8689,0.2261,0.0899,0.5691,12.0402,0.2241,0.0888,0.5654,-2.1430,-3.4760,-0.8100,False,False,False,0
CONDITION AGGRAVATED,18,26918,1737,1432164,1719,26900,1403527,32.6475,0.5660,0.3597,0.8907,6.2557,0.5613,0.3550,0.8877,-0.8199,-1.4773,-0.1625,False,False,False,0
MUSCULAR WEAKNESS,8,5155,1737,1432164,1729,5147,1425280,6.2522,1.3591,0.6946,2.6591,0.2502,1.3608,0.6932,2.6713,0.4425,-0.5273,1.4124,False,False,False,0
THINKING ABNORMAL,6,786,1737,1432164,1731,780,1429647,0.9533,6.8542,3.1719,14.8114,21.7234,6.8762,3.1729,14.9016,2.7681,1.6590,3.8772,True,True,True,3
MENTAL DISORDER,5,2253,1737,1432164,1732,2248,1428179,2.7326,2.0132,0.8731,4.6421,1.1464,2.0164,0.8722,4.6619,1.0084,-0.1973,2.2142,False,False,False,0
PALPITATIONS,12,6714,1737,1432164,1725,6702,1423725,8.1431,1.5349,0.8830,2.6681,1.3921,1.5388,0.8817,2.6856,0.6178,-0.1820,1.4175,False,False,False,0
HALLUCINATION,21,5583,1737,1432164,1716,5562,1424865,6.7713,3.1812,2.0883,4.8460,27.9772,3.2085,2.0952,4.9133,1.6663,1.0565,2.2761,True,True,True,3
ORTHOSTATIC HYPOTENSION,3,635,1737,1432164,1734,632,1429795,0.7702,4.5543,1.5945,13.0082,3.8918,4.5615,1.5937,13.0562,2.1826,0.6711,3.6940,False,True,True,2
"HALLUCINATION, VISUAL",12,1334,1737,1432164,1725,1322,1429105,1.6179,7.7791,4.4658,13.5507,60.4872,7.8282,4.4761,13.6907,2.9487,2.1490,3.7485,True,True,True,3
IMPAIRED GASTRIC EMPTYING,3,4115,1737,1432164,1734,4112,1426315,4.9909,0.7005,0.2458,1.9958,0.4472,0.6998,0.2451,1.9983,-0.5125,-2.0240,0.9989,False,False,False,0
PSYCHOTIC DISORDER,32,1049,1737,1432164,1705,1017,1429410,1.2723,26.2885,18.5981,37.1588,719.5708,26.7704,18.8182,38.0828,4.6738,4.1778,5.1699,True,True,True,3
LOSS OF THERAPEUTIC RESPONSE,3,473,1737,1432164,1734,470,1429957,0.5737,6.1224,2.1414,17.5046,6.4783,6.1328,2.1405,17.5711,2.6071,1.0956,4.1186,True,True,True,3
VIOLENCE-RELATED SYMPTOM,3,38,1737,1432164,1734,35,1430392,0.0461,81.1439,27.0892,243.0608,130.8175,81.3056,27.0885,244.0371,6.2275,4.7161,7.7390,True,True,True,3
DYSSTASIA,3,1405,1737,1432164,1734,1402,1429025,1.7041,2.0539,0.7202,5.8571,0.3726,2.0560,0.7195,5.8756,1.0375,-0.4740,2.5489,False,False,False,0
DROOLING,38,597,1737,1432164,1699,559,1429868,0.7241,56.6340,40.9948,78.2393,1870.9149,57.8943,41.6209,80.5304,5.7310,5.2752,6.1867,True,True,True,3
HYPOAESTHESIA,6,6772,1737,1432164,1731,6766,1423661,8.2134,0.7906,0.3669,1.7036,0.3596,0.7898,0.3655,1.7068,-0.3381,-1.4472,0.7710,False,False,False,0
FEELING HOT,6,3056,1737,1432164,1731,3050,1427377,3.7065,1.7537,0.8135,3.7806,0.8708,1.7565,0.8125,3.7977,0.8097,-0.2994,1.9188,False,False,False,0
OVERDOSE,5,6541,1737,1432164,1732,6536,1423891,7.9333,0.6925,0.3005,1.5958,0.7507,0.6915,0.2993,1.5978,-0.5290,-1.7347,0.6767,False,False,False,0
APATHY,4,579,1737,1432164,1733,575,1429852,0.7022,6.4355,2.5484,16.2517,11.1645,6.4496,2.5479,16.3263,2.6782,1.3452,4.0112,True,True,True,3
BLOOD CREATININE INCREASED,4,2097,1737,1432164,1733,2093,1428334,2.5433,1.7691,0.7024,4.4559,0.3608,1.7711,0.7015,4.4716,0.8224,-0.5105,2.1554,False,False,False,0
BRAIN FOG,7,5607,1737,1432164,1730,5600,1424827,6.8004,1.1022,0.5394,2.2522,0.0133,1.1026,0.5379,2.2601,0.1407,-0.8918,1.1732,False,False,False,0
INTESTINAL OBSTRUCTION,5,2791,1737,1432164,1732,2786,1427641,3.3851,1.6245,0.7047,3.7451,0.3684,1.6265,0.7036,3.7596,0.6996,-0.5062,1.9053,False,False,False,0
PRODUCT SUPPLY ISSUE,4,759,1737,1432164,1733,755,1429672,0.9206,4.9022,1.9429,12.3690,7.2404,4.9124,1.9423,12.4243,2.2880,0.9550,3.6210,True,True,True,3
GAIT DISTURBANCE,7,9744,1737,1432164,1730,9737,1420690,11.8180,0.6339,0.3103,1.2951,1.5904,0.6323,0.3086,1.2959,-0.6565,-1.6890,0.3760,False,False,False,0
VOMITING,292,27652,1737,1432164,1445,27360,1403067,33.5377,8.7987,7.9203,9.7745,2025.6907,10.3768,9.1462,11.7729,3.1241,2.9588,3.2895,True,True,True,3
SEIZURE,6,10159,1737,1432164,1731,10153,1420274,12.3213,0.5269,0.2445,1.1352,2.7734,0.5251,0.2430,1.1346,-0.9231,-2.0322,0.1860,False,False,False,0
HYPERHIDROSIS,61,5676,1737,1432164,1676,5615,1424812,6.8841,9.0137,7.0420,11.5374,419.7482,9.3077,7.2068,12.0210,3.1587,2.7981,3.5193,True,True,True,3
WRONG TECHNIQUE IN PRODUCT USAGE PROCESS,6,21618,1737,1432164,1731,21612,1408815,26.2194,0.2475,0.1149,0.5332,15.0764,0.2447,0.1133,0.5287,-2.0126,-3.1217,-0.9035,False,False,False,0
ABDOMINAL DISCOMFORT,36,11741,1737,1432164,1701,11705,1418722,14.2401,2.5664,1.8608,3.5395,32.0416,2.6000,1.8722,3.6106,1.3575,0.8894,1.8255,True,True,True,3
GALLBLADDER DISORDER,3,922,1737,1432164,1734,919,1429508,1.1182,3.1328,1.0978,8.9399,1.7105,3.1371,1.0970,8.9711,1.6449,0.1335,3.1564,False,True,True,2
RASH MACULAR,3,3290,1737,1432164,1734,3287,1427140,3.9903,0.8762,0.3075,2.4969,0.0605,0.8760,0.3068,2.5014,-0.1898,-1.7012,1.3217,False,False,False,0
THROAT TIGHTNESS,3,1473,1737,1432164,1734,1470,1428957,1.7865,1.9589,0.6870,5.5859,0.2856,1.9609,0.6862,5.6033,0.9693,-0.5422,2.4808,False,False,False,0
MOOD ALTERED,3,1839,1737,1432164,1734,1836,1428591,2.2304,1.5685,0.5502,4.4716,0.0327,1.5697,0.5494,4.4843,0.6492,-0.8622,2.1607,False,False,False,0
TACHYPHRENIA,4,175,1737,1432164,1733,171,1430256,0.2122,21.5956,8.4797,54.9982,50.9956,21.6490,8.4806,55.2651,4.4016,3.0686,5.7345,True,True,True,3
BLEPHAROSPASM,3,417,1737,1432164,1734,414,1430013,0.5058,6.9496,2.4294,19.8799,7.8753,6.9616,2.4285,19.9562,2.7887,1.2772,4.3001,True,True,True,3
MALAISE,15,18087,1737,1432164,1722,18072,1412355,21.9368,0.7059,0.4299,1.1590,1.9152,0.7032,0.4264,1.1598,-0.5015,-1.2198,0.2167,False,False,False,0
ILLNESS,12,22958,1737,1432164,1725,22946,1407481,27.8446,0.4483,0.2580,0.7791,8.6043,0.4443,0.2547,0.7752,-1.1559,-1.9557,-0.3561,False,False,False,0
OFF LABEL USE,115,88434,1737,1432164,1622,88319,1342108,107.2572,1.0763,0.9023,1.2839,0.5219,1.0818,0.8956,1.3066,0.1064,-0.1567,0.3695,False,False,False,0
DEATH,10,44479,1737,1432164,1727,44469,1385958,53.9464,0.1943,0.1063,0.3552,36.1554,0.1894,0.1033,0.3475,-2.3616,-3.2342,-1.4889,False,False,False,0
DEPRESSION,11,9821,1737,1432164,1726,9810,1420617,11.9114,0.9648,0.5421,1.7169,0.0143,0.9645,0.5399,1.7231,-0.0512,-0.8850,0.7826,False,False,False,0
DEHYDRATION,11,7580,1737,1432164,1726,7569,1422858,9.1934,1.2504,0.7026,2.2254,0.1869,1.2521,0.7008,2.2370,0.3225,-0.5114,1.1563,False,False,False,0
HEADACHE,35,40888,1737,1432164,1702,40853,1389574,49.5910,0.7152,0.5164,0.9905,4.1266,0.7092,0.5086,0.9890,-0.4827,-0.9573,-0.0081,False,False,False,0
AGGRESSION,11,1497,1737,1432164,1726,1486,1428941,1.8156,6.3672,3.5711,11.3527,41.6321,6.4030,3.5774,11.4602,2.6622,1.8284,3.4960,True,True,True,3
DYSURIA,20,1724,1737,1432164,1717,1704,1428723,2.0910,9.8986,6.4202,15.2615,145.2967,10.0048,6.4560,15.5043,3.2926,2.6680,3.9171,True,True,True,3
ADVERSE EVENT,34,6550,1737,1432164,1703,6516,1423911,7.9442,4.3573,3.1287,6.0685,82.6893,4.4253,3.1563,6.2045,2.1181,1.6367,2.5995,True,True,True,3
DYSARTHRIA,3,1258,1737,1432164,1734,1255,1429172,1.5258,2.2944,0.8044,6.5439,0.6234,2.2970,0.8037,6.5652,1.1968,-0.3146,2.7083,False,False,False,0
PRODUCT AVAILABILITY ISSUE,4,3503,1737,1432164,1733,3499,1426928,4.2486,1.0583,0.4204,2.6646,0.0149,1.0585,0.4194,2.6714,0.0823,-1.2507,1.4153,False,False,False,0
ANGIOEDEMA,8,1414,1737,1432164,1729,1406,1429021,1.7150,4.9739,2.5384,9.7460,19.5574,4.9934,2.5400,9.8165,2.3084,1.3385,3.2782,True,True,True,3
PAIN,3,36277,1737,1432164,1734,36274,1394153,43.9986,0.0794,0.0279,0.2262,38.2922,0.0776,0.0272,0.2213,-3.6525,-5.1639,-2.1410,False,False,False,0
MUSCLE SPASMS,3,11277,1737,1432164,1734,11274,1419153,13.6773,0.2555,0.0897,0.7278,7.6423,0.2540,0.0890,0.7250,-1.9668,-3.4783,-0.4554,False,False,False,0
DRUG INTOLERANCE,8,5149,1737,1432164,1729,5141,1425286,6.2450,1.3606,0.6954,2.6622,0.2534,1.3624,0.6940,2.6744,0.4442,-0.5257,1.4141,False,False,False,0
DISCOMFORT,3,5160,1737,1432164,1734,5157,1425270,6.2583,0.5585,0.1960,1.5912,1.2216,0.5576,0.1953,1.5921,-0.8390,-2.3504,0.6725,False,False,False,0
INSURANCE ISSUE,3,4672,1737,1432164,1734,4669,1425758,5.6664,0.6169,0.2165,1.7576,0.8320,0.6161,0.2158,1.7591,-0.6957,-2.2071,0.8158,False,False,False,0
DYSPEPSIA,65,6702,1737,1432164,1672,6637,1423790,8.1285,8.1218,6.3966,10.3123,393.2525,8.4007,6.5553,10.7657,3.0099,2.6605,3.3593,True,True,True,3
PSYCHIATRIC DECOMPENSATION,4,38,1737,1432164,1733,34,1430393,0.0461,107.3519,40.2405,286.3885,259.1614,107.6280,40.2531,287.7734,6.5901,5.2571,7.9231,True,True,True,3
TREATMENT NONCOMPLIANCE,43,4502,1737,1432164,1694,4459,1425968,5.4603,8.0282,5.9779,10.7817,252.3585,8.2086,6.0666,11.1071,2.9934,2.5647,3.4221,True,True,True,3
CIRCUMSTANCE OR INFORMATION CAPABLE OF LEADING TO MEDICATION ERROR,3,3155,1737,1432164,1734,3152,1427275,3.8265,0.9138,0.3207,2.6039,0.0280,0.9136,0.3199,2.6089,-0.1293,-1.6408,1.3821,False,False,False,0
DYSKINESIA,10,1565,1737,1432164,1727,1555,1428872,1.8981,5.5557,3.0336,10.1746,30.5157,5.5833,3.0375,10.2628,2.4669,1.5942,3.3395,True,True,True,3
THERAPEUTIC RESPONSE DECREASED,4,5318,1737,1432164,1733,5314,1425113,6.4499,0.6969,0.2769,1.7542,0.5924,0.6961,0.2759,1.7564,-0.5199,-1.8529,0.8131,False,False,False,0
URINARY RETENTION,109,1471,1737,1432164,1628,1362,1429065,1.7841,66.1445,54.7581,79.8986,6397.5231,70.5248,57.7028,86.1960,5.9387,5.6685,6.2089,True,True,True,3
HAEMATOCHEZIA,3,2104,1737,1432164,1734,2101,1428326,2.5518,1.3707,0.4809,3.9072,0.0011,1.3715,0.4801,3.9176,0.4551,-1.0564,1.9665,False,False,False,0
URINARY INCONTINENCE,8,1294,1737,1432164,1729,1286,1429141,1.5694,5.4378,2.7747,10.6571,22.4580,5.4596,2.7766,10.7351,2.4363,1.4664,3.4061,True,True,True,3
SUICIDAL IDEATION,17,3627,1737,1432164,1720,3610,1426817,4.3990,3.9892,2.5000,6.3655,33.4130,4.0196,2.5072,6.4445,1.9915,1.3156,2.6674,True,True,True,3
PHARYNGEAL SWELLING,3,1217,1737,1432164,1734,1214,1429213,1.4760,2.3718,0.8316,6.7652,0.7118,2.3746,0.8308,6.7874,1.2446,-0.2668,2.7561,False,False,False,0
SCHIZOPHRENIA,12,279,1737,1432164,1725,267,1430160,0.3384,38.4594,21.8539,67.6823,368.6841,38.7308,21.9221,68.4273,5.2041,4.4043,6.0039,True,True,True,3
