pt,a,n_reaction,n_drug,N,b,c,d,expected,prr,prr_lower95,prr_upper95,prr_chi2,ror,ror_lower95,ror_upper95,ic,ic025,ic975,signal_prr,signal_ror,signal_bcpnn,n_methods_signal
SOMNOLENCE,31,8959,1408,1194292,1377,8928,1183956,10.5621,2.9869,2.1134,4.2213,37.9654,3.0323,2.1287,4.3195,1.5759,1.0720,2.0797,True,True,True,3
ADVERSE DRUG REACTION,9,8830,1408,1194292,1399,8821,1184063,10.4101,0.9117,0.4836,1.7189,0.0802,0.9111,0.4812,1.7252,-0.1326,-1.0500,0.7848,False,False,False,0
AGITATION,10,2106,1408,1194292,1398,2096,1190788,2.4829,4.2402,2.3175,7.7580,19.8907,4.2645,2.3203,7.8379,2.0795,1.2068,2.9521,True,True,True,3
MANIA,8,521,1408,1194292,1400,513,1192371,0.6142,14.0141,7.1297,27.5462,77.3174,14.0931,7.1410,27.8136,3.7887,2.8188,4.7586,True,True,True,3
AMPHETAMINES POSITIVE,3,24,1408,1194292,1405,21,1192863,0.0283,137.8216,44.5870,426.0157,216.1778,138.1623,44.5893,428.1033,6.9204,5.4090,8.4319,True,True,True,3
DIARRHOEA,29,37373,1408,1194292,1379,37344,1155540,44.0606,0.6688,0.4679,0.9559,4.9731,0.6617,0.4594,0.9530,-0.5793,-1.0999,-0.0587,False,False,False,0
DIZZINESS,61,24474,1408,1194292,1347,24413,1168471,28.8534,2.1327,1.6697,2.7241,35.4782,2.1844,1.6912,2.8214,1.0913,0.7307,1.4519,True,True,True,3
LETHARGY,4,2572,1408,1194292,1404,2568,1190316,3.0322,1.4833,0.5892,3.7342,0.0724,1.4848,0.5880,3.7492,0.5688,-0.7642,1.9017,False,False,False,0
RETCHING,6,1401,1408,1194292,1402,1395,1191489,1.6517,3.9434,1.8281,8.5065,8.9873,3.9570,1.8279,8.5663,1.9755,0.8664,3.0846,True,True,True,3
HYPERSOMNIA,6,1751,1408,1194292,1402,1745,1191139,2.0643,3.1527,1.4620,6.7984,5.7332,3.1627,1.4615,6.8442,1.6538,0.5447,2.7630,True,True,True,3
IRRITABILITY,5,2340,1408,1194292,1403,2335,1190549,2.7587,1.9937,0.8650,4.5957,1.1025,1.9976,0.8638,4.6197,0.9946,-0.2111,2.2003,False,False,False,0
PRODUCT DISTRIBUTION ISSUE,3,2355,1408,1194292,1405,2352,1190532,2.7764,1.2596,0.4420,3.5892,0.0276,1.2602,0.4411,3.6004,0.3333,-1.1781,1.8448,False,False,False,0
VERTIGO,4,2351,1408,1194292,1404,2347,1190537,2.7717,1.6229,0.6446,4.0861,0.1920,1.6249,0.6435,4.1032,0.6983,-0.6346,2.0313,False,False,False,0
SLEEP DISORDER,4,4011,1408,1194292,1404,4007,1188877,4.7287,0.9507,0.3777,2.3926,0.0111,0.9505,0.3765,2.3993,-0.0722,-1.4052,1.2608,False,False,False,0
COLD SWEAT,6,634,1408,1194292,1402,628,1192256,0.7474,8.7558,4.0501,18.9289,30.2702,8.7917,4.0524,19.0740,3.1187,2.0096,4.2278,True,True,True,3
INSOMNIA,27,12156,1408,1194292,1381,12129,1180755,14.3312,1.9195,1.3251,2.7803,10.4512,1.9378,1.3280,2.8276,0.9397,0.4005,1.4789,False,True,True,2
NAUSEA,311,41805,1408,1194292,1097,41494,1151390,49.2856,6.3556,5.7596,7.0132,1436.3509,7.8756,6.9418,8.9351,2.6595,2.4993,2.8197,True,True,True,3
GASTROINTESTINAL DISORDER,27,6926,1408,1194292,1381,6899,1185985,8.1653,3.3744,2.3289,4.8894,41.4581,3.4217,2.3442,4.9945,1.7512,1.2120,2.2904,True,True,True,3
WEIGHT DECREASED,23,13857,1408,1194292,1385,13834,1179050,16.3366,1.4381,0.9628,2.1481,2.3554,1.4455,0.9612,2.1740,0.5240,-0.0593,1.1073,False,False,False,0
PARANOIA,12,635,1408,1194292,1396,623,1192261,0.7486,16.9731,9.7199,29.6389,154.6697,17.1161,9.7539,30.0353,4.0599,3.2601,4.8597,True,True,True,3
PRODUCT ADMINISTRATION ERROR,6,1974,1408,1194292,1402,1968,1190916,2.3272,2.7955,1.2966,6.0273,4.3378,2.8039,1.2959,6.0667,1.4809,0.3718,2.5901,True,True,True,3
MUSCLE TWITCHING,3,841,1408,1194292,1405,838,1192046,0.9915,3.5339,1.2384,10.0840,2.2995,3.5402,1.2374,10.1283,1.8183,0.3069,3.3298,False,True,True,2
TREATMENT NONCOMPLIANCE,35,3804,1408,1194292,1373,3769,1189115,4.4847,7.9732,5.7531,11.0500,201.7673,8.1534,5.8341,11.3947,2.9840,2.5095,3.4586,True,True,True,3
SCHIZOPHRENIA,7,257,1408,1194292,1401,250,1192634,0.3030,25.3478,12.2834,52.3074,126.9244,25.4781,12.3001,52.7748,4.6262,3.5937,5.6588,True,True,True,3
PAIN,3,30296,1408,1194292,1405,30293,1162591,35.7172,0.0978,0.0344,0.2785,29.8517,0.0956,0.0335,0.2728,-3.3517,-4.8632,-1.8403,False,False,False,0
PHARYNGEAL SWELLING,3,1041,1408,1194292,1405,1038,1191846,1.2273,2.8533,1.0004,8.1385,1.3226,2.8579,0.9994,8.1729,1.5107,-0.0008,3.0221,False,False,False,0
DRUG INTOLERANCE,8,4287,1408,1194292,1400,4279,1188605,5.0541,1.6816,0.8597,3.2892,1.1893,1.6857,0.8583,3.3107,0.7493,-0.2206,1.7192,False,False,False,0
URINARY RETENTION,90,1254,1408,1194292,1318,1164,1191720,1.4784,65.7956,53.4713,80.9604,5252.3962,70.2431,56.3376,87.5808,5.9347,5.6375,6.2320,True,True,True,3
DYSPEPSIA,51,5505,1408,1194292,1357,5454,1187430,6.4901,7.9936,6.1059,10.4648,300.1723,8.2589,6.2449,10.9223,2.9876,2.5936,3.3816,True,True,True,3
THERAPEUTIC RESPONSE DECREASED,4,4521,1408,1194292,1404,4517,1188367,5.3300,0.8433,0.3351,2.1224,0.1299,0.8428,0.3339,2.1274,-0.2449,-1.5779,1.0881,False,False,False,0
SUICIDAL IDEATION,17,3086,1408,1194292,1391,3069,1189815,3.6382,4.8268,3.0260,7.6993,45.6405,4.8749,3.0383,7.8217,2.2653,1.5894,2.9412,True,True,True,3
URINARY INCONTINENCE,3,1089,1408,1194292,1405,1086,1191798,1.2839,2.7273,0.9562,7.7784,1.1544,2.7316,0.9553,7.8109,1.4457,-0.0658,2.9571,False,False,False,0
DYSKINESIA,7,1282,1408,1194292,1401,1275,1191609,1.5114,4.9782,2.4331,10.1853,16.5027,4.9994,2.4342,10.2680,2.3099,1.2774,3.3424,True,True,True,3
HYPERSENSITIVITY,3,9018,1408,1194292,1405,9015,1183869,10.6317,0.3287,0.1154,0.9360,4.8260,0.3270,0.1145,0.9337,-1.6035,-3.1150,-0.0921,False,False,False,0
FATIGUE,21,47397,1408,1194292,1387,47376,1145508,55.8783,0.3842,0.2526,0.5845,22.0508,0.3747,0.2447,0.5737,-1.3785,-1.9883,-0.7686,False,False,False,0
THERAPY INTERRUPTED,10,13296,1408,1194292,1398,13286,1179598,15.6752,0.6691,0.3661,1.2226,1.7299,0.6666,0.3631,1.2236,-0.5787,-1.4513,0.2940,False,False,False,0
TREMOR,23,6788,1408,1194292,1385,6765,1186119,8.0027,2.9407,1.9680,4.3942,26.4442,2.9737,1.9766,4.4737,1.5535,0.9702,2.1368,True,True,True,3
MEMORY IMPAIRMENT,6,7100,1408,1194292,1402,7094,1185790,8.3705,0.7757,0.3601,1.6708,0.4210,0.7746,0.3583,1.6745,-0.3655,-1.4746,0.7436,False,False,False,0
VISUAL IMPAIRMENT,7,8469,1408,1194292,1401,8462,1184422,9.9845,0.7503,0.3674,1.5324,0.6234,0.7490,0.3653,1.5356,-0.4134,-1.4459,0.6191,False,False,False,0
DRUG INTERACTION,5,3986,1408,1194292,1403,3981,1188903,4.6993,1.1695,0.5076,2.6947,0.0085,1.1702,0.5062,2.7050,0.2263,-0.9794,1.4320,False,False,False,0
NIGHT SWEATS,5,1648,1408,1194292,1403,1643,1191241,1.9429,2.8332,1.2286,6.5334,3.3741,2.8404,1.2277,6.5714,1.5003,0.2945,2.7060,False,True,True,2
SALIVARY HYPERSECRETION,15,345,1408,1194292,1393,330,1192554,0.4067,39.7052,23.9218,65.9026,489.0461,40.1358,24.0512,66.9771,5.2494,4.5312,5.9677,True,True,True,3
CONSTIPATION,109,15649,1408,1194292,1299,15540,1177344,18.4493,5.9654,4.9799,7.1458,445.8990,6.3838,5.2492,7.7635,2.5687,2.2985,2.8390,True,True,True,3
HYPERTENSION,17,7707,1408,1194292,1391,7690,1185194,9.0861,1.9265,1.2087,3.0705,6.0959,1.9382,1.2089,3.1073,0.9450,0.2691,1.6210,False,True,True,2
AKATHISIA,7,424,1408,1194292,1401,417,1192467,0.4999,15.2087,7.4014,31.2515,72.1323,15.2847,7.4103,31.5270,3.9051,2.8725,4.9376,True,True,True,3
DYSPHAGIA,14,4557,1408,1194292,1394,4543,1188341,5.3724,2.7019,1.6178,4.5124,12.3573,2.7196,1.6197,4.5662,1.4317,0.6892,2.1743,True,True,True,3
ABDOMINAL PAIN UPPER,28,11459,1408,1194292,1380,11431,1181453,13.5095,2.1107,1.4669,3.0371,14.6463,2.1336,1.4718,3.0932,1.0764,0.5467,1.6061,True,True,True,3
FLATULENCE,3,3482,1408,1194292,1405,3479,1189405,4.1051,0.8516,0.2989,2.4260,0.0896,0.8512,0.2980,2.4313,-0.2308,-1.7422,1.2807,False,False,False,0
ANXIETY,12,12761,1408,1194292,1396,12749,1180135,15.0445,0.8301,0.4779,1.4418,0.4355,0.8285,0.4746,1.4463,-0.2679,-1.0677,0.5319,False,False,False,0
ABDOMINAL DISTENSION,4,5564,1408,1194292,1404,5560,1187324,6.5596,0.6852,0.2723,1.7241,0.6505,0.6841,0.2711,1.7267,-0.5443,-1.8773,0.7886,False,False,False,0
DRY EYE,5,6546,1408,1194292,1403,6541,1186343,7.7173,0.7118,0.3090,1.6397,0.6414,0.7107,0.3075,1.6425,-0.4893,-1.6950,0.7164,False,False,False,0
HICCUPS,4,411,1408,1194292,1404,407,1192477,0.4845,9.3492,3.6977,23.6380,18.7946,9.3759,3.6974,23.7755,3.2130,1.8800,4.5459,True,True,True,3
INCREASED APPETITE,8,1801,1408,1194292,1400,1793,1191091,2.1233,4.0124,2.0494,7.8556,13.6520,4.0307,2.0504,7.9235,2.0003,1.0304,2.9701,True,True,True,3
EXTRAPYRAMIDAL DISORDER,3,171,1408,1194292,1405,168,1192716,0.2016,17.5855,6.1097,50.6164,26.2384,17.6268,6.1083,50.8665,4.1131,2.6016,5.6245,True,True,True,3
ERUCTATION,3,1866,1408,1194292,1405,1863,1191021,2.1999,1.5901,0.5579,4.5319,0.0410,1.5916,0.5570,4.5479,0.6690,-0.8424,2.1805,False,False,False,0
COVID-19,3,13131,1408,1194292,1405,13128,1179756,15.4807,0.2257,0.0793,0.6427,9.3861,0.2238,0.0784,0.6389,-2.1456,-3.6571,-0.6342,False,False,False,0
THERAPY CESSATION,3,3451,1408,1194292,1405,3448,1189436,4.0685,0.8593,0.3016,2.4479,0.0798,0.8589,0.3007,2.4532,-0.2179,-1.7293,1.2936,False,False,False,0
SPEECH DISORDER,4,2076,1408,1194292,1404,2072,1190812,2.4475,1.8383,0.7300,4.6288,0.4539,1.8409,0.7289,4.6493,0.8778,-0.4552,2.2107,False,False,False,0
HOSPITALISATION,11,11950,1408,1194292,1397,11939,1180945,14.0883,0.8155,0.4585,1.4505,0.4809,0.8139,0.4554,1.4546,-0.2934,-1.1273,0.5404,False,False,False,0
RESTLESSNESS,4,966,1408,1194292,1404,962,1191922,1.1389,3.9582,1.5701,9.9785,4.9050,3.9677,1.5692,10.0319,1.9811,0.6481,3.3141,True,True,True,3
"HALLUCINATION, AUDITORY",24,535,1408,1194292,1384,511,1192373,0.6307,40.5516,27.1290,60.6152,830.5494,41.2515,27.4104,62.0818,5.2777,4.7065,5.8490,True,True,True,3
ANURIA,3,116,1408,1194292,1405,113,1192771,0.1368,26.1072,9.0232,75.5369,40.8904,26.1697,9.0216,75.9126,4.6709,3.1595,6.1824,True,True,True,3
FEELING HOT,5,2543,1408,1194292,1403,2538,1190346,2.9980,1.8343,0.7958,4.2278,0.7549,1.8376,0.7947,4.2492,0.8746,-0.3311,2.0803,False,False,False,0
OVERDOSE,5,5608,1408,1194292,1403,5603,1187281,6.6115,0.8310,0.3607,1.9143,0.1880,0.8303,0.3592,1.9191,-0.2662,-1.4719,0.9395,False,False,False,0
BRAIN FOG,7,4692,1408,1194292,1401,4685,1188199,5.5316,1.3552,0.6634,2.7684,0.1704,1.3571,0.6618,2.7829,0.4385,-0.5940,1.4711,False,False,False,0
HYPOAESTHESIA,5,5780,1408,1194292,1403,5775,1187109,6.8143,0.8062,0.3500,1.8573,0.2550,0.8055,0.3485,1.8616,-0.3098,-1.5155,0.8960,False,False,False,0
INTESTINAL OBSTRUCTION,5,2451,1408,1194292,1403,2446,1190438,2.8896,1.9033,0.8257,4.3870,0.9004,1.9068,0.8246,4.4095,0.9278,-0.2780,2.1335,False,False,False,0
DROOLING,30,502,1408,1194292,1378,472,1192412,0.5918,54.6494,38.0351,78.5211,1414.2959,55.8364,38.5695,80.8336,5.6855,5.1735,6.1975,True,True,True,3
PRODUCT SUPPLY ISSUE,4,631,1408,1194292,1404,627,1192257,0.7439,6.0714,2.4056,15.3232,10.2284,6.0876,2.4049,15.4096,2.5951,1.2621,3.9280,True,True,True,3
BLOOD CREATININE INCREASED,4,1768,1408,1194292,1404,1764,1191120,2.0844,2.1591,0.8573,5.4377,0.9640,2.1628,0.8563,5.4632,1.1094,-0.2236,2.4424,False,False,False,0
WRONG TECHNIQUE IN PRODUCT USAGE PROCESS,5,18674,1408,1194292,1403,18669,1174215,22.0155,0.2494,0.1083,0.5744,12.6012,0.2465,0.1067,0.5695,-2.0016,-3.2073,-0.7958,False,False,False,0
SEIZURE,4,8405,1408,1194292,1404,8401,1184483,9.9090,0.4535,0.1802,1.1410,2.9770,0.4517,0.1790,1.1399,-1.1394,-2.4724,0.1936,False,False,False,0
VOMITING,236,22853,1408,1194292,1172,22617,1170267,26.9423,8.8527,7.8754,9.9512,1647.8591,10.4366,9.0701,12.0089,3.1333,2.9495,3.3172,True,True,True,3
ABDOMINAL DISCOMFORT,28,9619,1408,1194292,1380,9591,1183293,11.3402,2.5156,1.7482,3.6200,23.2419,2.5469,1.7567,3.6926,1.3289,0.7993,1.8586,True,True,True,3
GAIT DISTURBANCE,5,8283,1408,1194292,1403,8278,1184606,9.7652,0.5625,0.2442,1.2956,1.8781,0.5608,0.2427,1.2959,-0.8288,-2.0345,0.3769,False,False,False,0
HYPERHIDROSIS,45,4887,1408,1194292,1363,4842,1188042,5.7615,7.9548,5.9689,10.6015,261.8451,8.1869,6.0849,11.0150,2.9807,2.5615,3.3999,True,True,True,3
THROAT TIGHTNESS,3,1232,1408,1194292,1405,1229,1191655,1.4525,2.4101,0.8452,6.8723,0.7572,2.4136,0.8442,6.9003,1.2678,-0.2437,2.7792,False,False,False,0
BLEPHAROSPASM,3,356,1408,1194292,1405,353,1192531,0.4197,8.3824,2.9288,23.9908,10.3264,8.4007,2.9276,24.1059,3.0574,1.5459,4.5688,True,True,True,3
TACHYPHRENIA,4,152,1408,1194292,1404,148,1192736,0.1792,25.6551,10.0578,65.4400,61.6194,25.7341,10.0594,65.8331,4.6450,3.3121,5.9780,True,True,True,3
RASH,16,30054,1408,1194292,1392,30038,1162846,35.4319,0.4650,0.2878,0.7514,10.3890,0.4587,0.2823,0.7454,-1.1031,-1.7992,-0.4070,False,False,False,0
BLOOD PRESSURE INCREASED,15,6842,1408,1194292,1393,6827,1186057,8.0663,1.9220,1.1708,3.1551,5.1672,1.9323,1.1706,3.1895,0.9417,0.2234,1.6599,False,True,True,2
FLUSHING,3,3765,1408,1194292,1405,3762,1189122,4.4387,0.7876,0.2765,2.2435,0.1994,0.7870,0.2756,2.2478,-0.3435,-1.8549,1.1680,False,False,False,0
URTICARIA,7,10526,1408,1194292,1401,10519,1182365,12.4095,0.6036,0.2956,1.2327,1.9619,0.6015,0.2934,1.2331,-0.7271,-1.7596,0.3055,False,False,False,0
HEPATIC ENZYME INCREASED,5,3059,1408,1194292,1403,3054,1189830,3.6064,1.5244,0.6615,3.5131,0.2223,1.5265,0.6602,3.5293,0.6081,-0.5976,1.8139,False,False,False,0
TACHYCARDIA,22,2662,1408,1194292,1386,2640,1190244,3.1383,7.2141,4.7797,10.8884,107.7966,7.3150,4.8145,11.1141,2.8411,2.2449,3.4372,True,True,True,3
DYSPNOEA,6,28331,1408,1194292,1402,28325,1164559,33.4006,0.1943,0.0902,0.4184,22.2182,0.1905,0.0882,0.4118,-2.3619,-3.4710,-1.2528,False,False,False,0
ABNORMAL BEHAVIOUR,5,1014,1408,1194292,1403,1009,1191875,1.1954,4.6126,1.9985,10.6459,9.1533,4.6267,1.9981,10.7135,2.2007,0.9949,3.4064,True,True,True,3
VOMITING PROJECTILE,5,217,1408,1194292,1403,212,1192672,0.2558,21.9125,9.4138,51.0056,70.5058,21.9944,9.4185,51.3620,4.4223,3.2166,5.6281,True,True,True,3
MUSCULAR WEAKNESS,8,4270,1408,1194292,1400,4262,1188622,5.0341,1.6883,0.8631,3.3023,1.2137,1.6924,0.8617,3.3240,0.7551,-0.2148,1.7249,False,False,False,0
PRODUCT STORAGE ERROR,3,13490,1408,1194292,1405,13487,1179397,15.9039,0.2197,0.0772,0.6256,9.7962,0.2178,0.0763,0.6217,-2.1845,-3.6960,-0.6731,False,False,False,0
CONDITION AGGRAVATED,13,22842,1408,1194292,1395,22829,1170055,26.9294,0.5006,0.2944,0.8514,6.8357,0.4958,0.2900,0.8476,-0.9968,-1.7664,-0.2272,False,False,False,0
THINKING ABNORMAL,5,666,1408,1194292,1403,661,1192223,0.7852,7.0392,3.0462,16.2660,17.6062,7.0628,3.0465,16.3739,2.8068,1.6010,4.0125,True,True,True,3
IMPAIRED GASTRIC EMPTYING,3,3645,1408,1194292,1405,3642,1189242,4.2972,0.8135,0.2856,2.3174,0.1485,0.8130,0.2847,2.3221,-0.2968,-1.8082,1.2147,False,False,False,0
PALPITATIONS,10,4704,1408,1194292,1398,4694,1188190,5.5457,1.8936,1.0358,3.4617,2.8340,1.9003,1.0348,3.4897,0.9203,0.0476,1.7929,False,True,True,2
HALLUCINATION,14,4672,1408,1194292,1394,4658,1188226,5.5080,2.6352,1.5779,4.4009,11.6555,2.6522,1.5796,4.4530,1.3958,0.6532,2.1384,True,True,True,3
"HALLUCINATION, VISUAL",10,1140,1408,1194292,1398,1130,1191754,1.3440,7.8633,4.2922,14.4058,49.6004,7.9149,4.3008,14.5657,2.9646,2.0920,3.8373,True,True,True,3
ORTHOSTATIC HYPOTENSION,3,508,1408,1194292,1405,505,1192379,0.5989,5.8618,2.0513,16.7509,6.0444,5.8740,2.0502,16.8292,2.5450,1.0336,4.0565,True,True,True,3
PSYCHOTIC DISORDER,26,908,1408,1194292,1382,882,1192002,1.0705,25.4225,17.3357,37.2818,558.5918,25.8907,17.5294,38.2401,4.6284,4.0791,5.1777,True,True,True,3
VIOLENCE-RELATED SYMPTOM,3,32,1408,1194292,1405,29,1192855,0.0377,100.4462,33.2077,303.8281,160.8994,100.6939,33.2076,305.3294,6.5128,5.0013,8.0242,True,True,True,3
ACCIDENTAL OVERDOSE,3,3114,1408,1194292,1405,3111,1189773,3.6712,0.9523,0.3343,2.7131,0.0080,0.9522,0.3334,2.7199,-0.0696,-1.5811,1.4418,False,False,False,0
MOVEMENT DISORDER,9,1173,1408,1194292,1399,1164,1191720,1.3829,6.9067,3.6552,13.0508,36.7075,6.9468,3.6606,13.1830,2.7791,1.8617,3.6965,True,True,True,3
DYSPHONIA,6,3425,1408,1194292,1402,3419,1189465,4.0379,1.6093,0.7468,3.4678,0.5316,1.6121,0.7455,3.4863,0.6861,-0.4230,1.7952,False,False,False,0
SEDATION,12,2420,1408,1194292,1396,2408,1190476,2.8530,4.3939,2.5266,7.6413,26.2913,4.4243,2.5315,7.7322,2.1305,1.3308,2.9303,True,True,True,3
CHILLS,7,4557,1408,1194292,1401,4550,1188334,5.3724,1.3954,0.6830,2.8506,0.2378,1.3975,0.6815,2.8659,0.4806,-0.5519,1.5132,False,False,False,0
GASTROOESOPHAGEAL REFLUX DISEASE,36,4290,1408,1194292,1372,4254,1188630,5.0577,7.2633,5.2658,10.0184,184.1119,7.4298,5.3410,10.3355,2.8507,2.3826,3.3187,True,True,True,3
EMOTIONAL DISORDER,3,2093,1408,1194292,1405,2090,1190794,2.4675,1.4174,0.4974,4.0394,0.0004,1.4185,0.4965,4.0529,0.5034,-1.0080,2.0149,False,False,False,0
WEIGHT INCREASED,9,12846,1408,1194292,1399,12837,1180047,15.1447,0.6265,0.3323,1.1811,2.1293,0.6240,0.3296,1.1814,-0.6734,-1.5908,0.2440,False,False,False,0
URINARY TRACT INFECTION,7,10531,1408,1194292,1401,10524,1182360,12.4154,0.6033,0.2954,1.2321,1.9657,0.6012,0.2933,1.2325,-0.7278,-1.7603,0.3048,False,False,False,0
PERIPHERAL SWELLING,3,9950,1408,1194292,1405,9947,1182937,11.7305,0.2979,0.1046,0.8483,5.8301,0.2961,0.1037,0.8455,-1.7454,-3.2569,-0.2340,False,False,False,0
EPISTAXIS,3,3645,1408,1194292,1405,3642,1189242,4.2972,0.8135,0.2856,2.3174,0.1485,0.8130,0.2847,2.3221,-0.2968,-1.8082,1.2147,False,False,False,0
ANGER,13,1232,1408,1194292,1395,1219,1191665,1.4525,9.3722,5.4954,15.9839,84.2150,9.4531,5.5146,16.2047,3.2153,2.4457,3.9849,True,True,True,3
SEDATION COMPLICATION,3,116,1408,1194292,1405,113,1192771,0.1368,26.1072,9.0232,75.5369,40.8904,26.1697,9.0216,75.9126,4.6709,3.1595,6.1824,True,True,True,3
ABDOMINAL PAIN,14,8445,1408,1194292,1394,8431,1184453,9.9562,1.4560,0.8721,2.4307,1.2719,1.4607,0.8703,2.4516,0.5418,-0.2008,1.2844,False,False,False,0
HOT FLUSH,4,8447,1408,1194292,1404,8443,1184441,9.9585,0.4512,0.1793,1.1353,3.0168,0.4495,0.1781,1.1342,-1.1466,-2.4796,0.1864,False,False,False,0
VISION BLURRED,50,8433,1408,1194292,1358,8383,1184501,9.9420,5.0998,3.8866,6.6917,158.7026,5.2522,3.9628,6.9612,2.3441,1.9462,2.7420,True,True,True,3
PRURITUS,6,36743,1408,1194292,1402,36737,1156147,43.3178,0.1498,0.0696,0.3226,32.3246,0.1459,0.0675,0.3152,-2.7370,-3.8461,-1.6279,False,False,False,0
PRODUCT DOSE OMISSION ISSUE,13,57904,1408,1194292,1395,57891,1134993,68.2654,0.1974,0.1161,0.3357,46.2283,0.1897,0.1110,0.3242,-2.3387,-3.1083,-1.5691,False,False,False,0
THERAPEUTIC RESPONSE UNEXPECTED,6,2578,1408,1194292,1402,2572,1190312,3.0393,2.1392,0.9925,4.6107,1.9989,2.1445,0.9914,4.6386,1.0959,-0.0132,2.2050,False,False,False,0
FEELING ABNORMAL,13,11420,1408,1194292,1395,11407,1181477,13.4635,1.0019,0.5890,1.7042,0.0001,1.0019,0.5860,1.7130,0.0033,-0.7663,0.7729,False,False,False,0
DRUG INEFFECTIVE,34,74245,1408,1194292,1374,74211,1118673,87.5305,0.3936,0.2831,0.5473,34.2988,0.3784,0.2699,0.5305,-1.3437,-1.8251,-0.8623,False,False,False,0
POLLAKIURIA,4,2465,1408,1194292,1404,2461,1190423,2.9061,1.5477,0.6148,3.8967,0.1218,1.5495,0.6136,3.9126,0.6300,-0.7029,1.9630,False,False,False,0
DECREASED APPETITE,16,11644,1408,1194292,1392,11628,1181256,13.7276,1.2013,0.7433,1.9414,0.2314,1.2037,0.7406,1.9564,0.2648,-0.4313,0.9609,False,False,False,0
THERAPY NON-RESPONDER,8,3672,1408,1194292,1400,3664,1189220,4.3291,1.9638,1.0039,3.8416,2.3325,1.9696,1.0028,3.8688,0.9727,0.0028,1.9426,False,True,True,2
HEART RATE INCREASED,24,4625,1408,1194292,1384,4601,1188283,5.4526,4.5077,3.0411,6.6817,60.0375,4.5698,3.0616,6.8208,2.1671,1.5958,2.7384,True,True,True,3
COMPLETED SUICIDE,5,2960,1408,1194292,1403,2955,1189929,3.4897,1.5755,0.6836,3.6308,0.2936,1.5778,0.6824,3.6480,0.6556,-0.5501,1.8613,False,False,False,0
PRODUCT USE COMPLAINT,4,2695,1408,1194292,1404,2691,1190193,3.1772,1.4155,0.5623,3.5634,0.0329,1.4168,0.5611,3.5773,0.5014,-0.8316,1.8343,False,False,False,0
LIMB DISCOMFORT,3,1551,1408,1194292,1405,1548,1191336,1.8285,1.9136,0.6713,5.4549,0.2472,1.9158,0.6703,5.4756,0.9357,-0.5758,2.4471,False,False,False,0
INTRUSIVE THOUGHTS,3,102,1408,1194292,1405,99,1192785,0.1203,29.7805,10.2698,86.3583,47.1541,29.8522,10.2681,86.7884,4.8557,3.3442,6.3671,True,True,True,3
DEATH,8,37026,1408,1194292,1400,37018,1155866,43.6515,0.1944,0.0994,0.3800,29.2468,0.1895,0.0965,0.3720,-2.3610,-3.3309,-1.3911,False,False,False,0
MALAISE,11,15181,1408,1194292,1397,15170,1177714,17.8975,0.6418,0.3608,1.1415,2.3190,0.6388,0.3575,1.1416,-0.6387,-1.4725,0.1952,False,False,False,0
HEADACHE,28,32388,1408,1194292,1380,32360,1160524,38.1835,0.7456,0.5183,1.0725,2.5272,0.7404,0.5108,1.0730,-0.4225,-0.9522,0.1071,False,False,False,0
ILLNESS,10,19258,1408,1194292,1398,19248,1173636,22.7040,0.4618,0.2528,0.8438,6.6754,0.4578,0.2494,0.8403,-1.1131,-1.9857,-0.2405,False,False,False,0
DEHYDRATION,9,6457,1408,1194292,1399,6448,1186436,7.6124,1.2472,0.6615,2.3518,0.1042,1.2489,0.6595,2.3651,0.3189,-0.5985,1.2364,False,False,False,0
OFF LABEL USE,93,75655,1408,1194292,1315,75562,1117322,89.1928,1.0476,0.8612,1.2744,0.1311,1.0510,0.8520,1.2964,0.0675,-0.2249,0.3599,False,False,False,0
PRODUCT AVAILABILITY ISSUE,4,3018,1408,1194292,1404,3014,1189870,3.5580,1.2638,0.5021,3.1813,0.0010,1.2647,0.5009,3.1929,0.3381,-0.9949,1.6711,False,False,False,0
ADVERSE EVENT,24,5380,1408,1194292,1384,5356,1187528,6.3427,3.8723,2.6128,5.7390,46.6763,3.9232,2.6288,5.8548,1.9490,1.3777,2.5202,True,True,True,3
AGGRESSION,11,1262,1408,1194292,1397,1251,1191633,1.4878,7.7796,4.3633,13.8705,54.7116,7.8353,4.3739,14.0361,2.9493,2.1154,3.7831,True,True,True,3
DEPRESSION,7,8302,1408,1194292,1401,8295,1184589,9.7876,0.7654,0.3748,1.5633,0.5390,0.7642,0.3727,1.5667,-0.3847,-1.4172,0.6479,False,False,False,0
DYSURIA,16,1456,1408,1194292,1392,1440,1191444,1.7165,9.6975,5.9859,15.7103,110.9444,9.8005,6.0154,15.9674,3.2639,2.5678,3.9600,True,True,True,3
ANGIOEDEMA,6,1151,1408,1194292,1402,1145,1191739,1.3570,4.8040,2.2262,10.3671,12.6766,4.8217,2.2264,10.4421,2.2589,1.1498,3.3680,True,True,True,3
CONFUSIONAL STATE,12,5223,1408,1194292,1396,5211,1187673,6.1576,2.0306,1.1686,3.5287,4.6610,2.0399,1.1681,3.5623,1.0208,0.2211,1.8206,True,True,True,3
DISTURBANCE IN ATTENTION,4,1618,1408,1194292,1404,1614,1191270,1.9075,2.3597,0.9369,5.9436,1.3328,2.3641,0.9358,5.9722,1.2373,-0.0957,2.5702,False,False,False,0
ASTHENIA,7,15961,1408,1194292,1401,15954,1176930,18.8171,0.3980,0.1949,0.8127,6.9067,0.3948,0.1926,0.8092,-1.3276,-2.3602,-0.2951,False,False,False,0
DRY MOUTH,35,3856,1408,1194292,1373,3821,1189063,4.5460,7.8647,5.6749,10.8994,198.2428,8.0421,5.7546,11.2390,2.9645,2.4899,3.4390,True,True,True,3
CHEST PAIN,16,6686,1408,1194292,1392,6670,1186214,7.8824,2.0942,1.2955,3.3853,7.4119,2.1071,1.2961,3.4257,1.0651,0.3690,1.7613,True,True,True,3
DELUSION,8,895,1408,1194292,1400,887,1191997,1.0552,8.1085,4.1348,15.9008,39.4410,8.1516,4.1400,16.0503,3.0087,2.0388,3.9786,True,True,True,3
