drug_a,drug_b,pt,a_cobenfy,n_strata_used,mh_ror,mh_ror_lower95,mh_ror_upper95,mh_pvalue,mh_significant,bonferroni_sig
xanomeline-trospium,olanzapine,NAUSEA,171,6,6.2544,0.7807,50.1020,0.0842,False,False
xanomeline-trospium,olanzapine,VOMITING,171,6,5.5385,0.8410,36.4762,0.0751,False,False
xanomeline-trospium,olanzapine,CONSTIPATION,89,6,4.6343,0.5730,37.4811,0.1505,False,False
xanomeline-trospium,olanzapine,DYSPEPSIA,50,6,9.9758,0.0000,inf,1.0000,False,False
xanomeline-trospium,olanzapine,DIARRHOEA,17,6,1.2851,0.0000,inf,1.0000,False,False
xanomeline-trospium,olanzapine,TACHYCARDIA,10,6,0.3474,0.0000,inf,1.0000,False,False
xanomeline-trospium,olanzapine,HYPERTENSION,13,6,0.8875,0.0000,inf,1.0000,False,False
xanomeline-trospium,olanzapine,BLOOD PRESSURE INCREASED,14,6,14.1341,0.0000,inf,1.0000,False,False
xanomeline-trospium,olanzapine,WEIGHT INCREASED,9,6,0.1540,0.0000,inf,1.0000,False,False
xanomeline-trospium,olanzapine,HYPERGLYCAEMIA,0,6,,,,,False,False
xanomeline-trospium,olanzapine,DIABETES MELLITUS,0,6,,,,,False,False
xanomeline-trospium,olanzapine,METABOLIC SYNDROME,0,6,,,,,False,False
xanomeline-trospium,olanzapine,BLOOD GLUCOSE INCREASED,1,6,0.1847,0.0000,inf,1.0000,False,False
xanomeline-trospium,olanzapine,DYSLIPIDAEMIA,0,6,,,,,False,False
xanomeline-trospium,olanzapine,SOMNOLENCE,26,6,0.5915,0.0261,13.4064,0.7416,False,False
xanomeline-trospium,olanzapine,SEDATION,4,6,0.1694,0.0000,inf,1.0000,False,False
xanomeline-trospium,olanzapine,AKATHISIA,3,6,0.0978,0.0000,inf,1.0000,False,False
xanomeline-trospium,olanzapine,DYSTONIA,0,6,,,,,False,False
xanomeline-trospium,olanzapine,TREMOR,19,6,0.7826,0.0000,inf,1.0000,False,False
xanomeline-trospium,olanzapine,EXTRAPYRAMIDAL DISORDER,2,6,0.0547,0.0000,inf,1.0000,False,False
xanomeline-trospium,olanzapine,TARDIVE DYSKINESIA,1,6,0.0645,0.0000,inf,1.0000,False,False
xanomeline-trospium,olanzapine,PARKINSONISM,2,6,0.0789,0.0000,inf,1.0000,False,False
xanomeline-trospium,olanzapine,HYPERPROLACTINAEMIA,0,6,,,,,False,False
xanomeline-trospium,olanzapine,GALACTORRHOEA,0,6,,,,,False,False
xanomeline-trospium,olanzapine,AMENORRHOEA,0,6,,,,,False,False
xanomeline-trospium,olanzapine,DRY MOUTH,28,6,7.6565,0.0000,inf,1.0000,False,False
xanomeline-trospium,olanzapine,URINARY RETENTION,63,6,7.8851,0.5513,112.7834,0.1282,False,False
xanomeline-trospium,olanzapine,VISION BLURRED,35,6,4.7309,0.0000,inf,1.0000,False,False
xanomeline-trospium,olanzapine,DROOLING,25,6,14.9446,0.0000,inf,0.9999,False,False
xanomeline-trospium,olanzapine,SALIVARY HYPERSECRETION,10,6,0.8883,0.0000,inf,1.0000,False,False
xanomeline-trospium,olanzapine,HYPERHIDROSIS,38,6,4.0674,0.0000,inf,1.0000,False,False
xanomeline-trospium,olanzapine,QT PROLONGATION,0,6,,,,,False,False
xanomeline-trospium,risperidone,NAUSEA,171,6,4.8368,0.0000,inf,1.0000,False,False
xanomeline-trospium,risperidone,VOMITING,171,6,5.6857,0.0000,inf,1.0000,False,False
xanomeline-trospium,risperidone,CONSTIPATION,89,6,7.7551,0.7399,81.2835,0.0875,False,False
xanomeline-trospium,risperidone,DYSPEPSIA,50,6,7.7410,0.0000,inf,1.0000,False,False
xanomeline-trospium,risperidone,DIARRHOEA,17,6,1.3177,0.0000,inf,1.0000,False,False
xanomeline-trospium,risperidone,TACHYCARDIA,10,6,0.6968,0.0000,inf,1.0000,False,False
xanomeline-trospium,risperidone,HYPERTENSION,13,6,1.8217,0.0314,105.7746,0.7722,False,False
xanomeline-trospium,risperidone,BLOOD PRESSURE INCREASED,14,6,8.6974,0.0000,inf,1.0000,False,False
xanomeline-trospium,risperidone,WEIGHT INCREASED,9,6,0.1555,0.0000,inf,1.0000,False,False
xanomeline-trospium,risperidone,HYPERGLYCAEMIA,0,6,,,,,False,False
xanomeline-trospium,risperidone,DIABETES MELLITUS,0,6,,,,,False,False
xanomeline-trospium,risperidone,METABOLIC SYNDROME,0,6,,,,,False,False
xanomeline-trospium,risperidone,BLOOD GLUCOSE INCREASED,1,6,0.1539,0.0000,inf,1.0000,False,False
xanomeline-trospium,risperidone,DYSLIPIDAEMIA,0,6,,,,,False,False
xanomeline-trospium,risperidone,SOMNOLENCE,26,6,0.6779,0.0273,16.8496,0.8125,False,False
xanomeline-trospium,risperidone,SEDATION,4,6,0.1689,0.0000,inf,1.0000,False,False
xanomeline-trospium,risperidone,AKATHISIA,3,6,0.0879,0.0000,inf,1.0000,False,False
xanomeline-trospium,risperidone,DYSTONIA,0,6,,,,,False,False
xanomeline-trospium,risperidone,TREMOR,19,6,0.7142,0.0000,inf,1.0000,False,False
xanomeline-trospium,risperidone,EXTRAPYRAMIDAL DISORDER,2,6,0.0294,0.0000,inf,1.0000,False,False
xanomeline-trospium,risperidone,TARDIVE DYSKINESIA,1,6,0.0672,0.0000,inf,1.0000,False,False
xanomeline-trospium,risperidone,PARKINSONISM,2,6,0.1074,0.0000,inf,1.0000,False,False
xanomeline-trospium,risperidone,HYPERPROLACTINAEMIA,0,6,,,,,False,False
xanomeline-trospium,risperidone,GALACTORRHOEA,0,6,,,,,False,False
xanomeline-trospium,risperidone,AMENORRHOEA,0,6,,,,,False,False
xanomeline-trospium,risperidone,DRY MOUTH,28,6,8.6361,0.0000,inf,1.0000,False,False
xanomeline-trospium,risperidone,URINARY RETENTION,63,6,7.7448,0.0000,inf,1.0000,False,False
xanomeline-trospium,risperidone,VISION BLURRED,35,6,6.1424,0.0000,inf,1.0000,False,False
xanomeline-trospium,risperidone,DROOLING,25,6,5.6369,0.0000,inf,0.9999,False,False
xanomeline-trospium,risperidone,SALIVARY HYPERSECRETION,10,6,0.9655,0.0000,inf,1.0000,False,False
xanomeline-trospium,risperidone,HYPERHIDROSIS,38,6,8.0689,0.0000,inf,1.0000,False,False
xanomeline-trospium,risperidone,QT PROLONGATION,0,6,,,,,False,False
xanomeline-trospium,aripiprazole,NAUSEA,171,6,6.5884,0.8843,49.0862,0.0658,False,False
xanomeline-trospium,aripiprazole,VOMITING,171,6,8.4558,1.1005,64.9704,0.0402,True,False
xanomeline-trospium,aripiprazole,CONSTIPATION,89,6,5.1898,0.0000,inf,1.0000,False,False
xanomeline-trospium,aripiprazole,DYSPEPSIA,50,6,8.1918,0.0000,inf,1.0000,False,False
xanomeline-trospium,aripiprazole,DIARRHOEA,17,6,1.1021,0.0000,inf,1.0000,False,False
xanomeline-trospium,aripiprazole,TACHYCARDIA,10,6,0.8867,0.0000,inf,1.0000,False,False
xanomeline-trospium,aripiprazole,HYPERTENSION,13,6,0.6331,0.0000,inf,1.0000,False,False
xanomeline-trospium,aripiprazole,BLOOD PRESSURE INCREASED,14,6,8.2859,0.0000,inf,1.0000,False,False
xanomeline-trospium,aripiprazole,WEIGHT INCREASED,9,6,0.1396,0.0000,inf,1.0000,False,False
xanomeline-trospium,aripiprazole,HYPERGLYCAEMIA,0,6,,,,,False,False
xanomeline-trospium,aripiprazole,DIABETES MELLITUS,0,6,,,,,False,False
xanomeline-trospium,aripiprazole,METABOLIC SYNDROME,0,6,,,,,False,False
xanomeline-trospium,aripiprazole,BLOOD GLUCOSE INCREASED,1,6,0.1572,0.0000,inf,1.0000,False,False
xanomeline-trospium,aripiprazole,DYSLIPIDAEMIA,0,6,,,,,False,False
xanomeline-trospium,aripiprazole,SOMNOLENCE,26,6,0.8392,0.0000,inf,1.0000,False,False
xanomeline-trospium,aripiprazole,SEDATION,4,6,0.1655,0.0000,inf,1.0000,False,False
xanomeline-trospium,aripiprazole,AKATHISIA,3,6,0.0681,0.0000,inf,1.0000,False,False
xanomeline-trospium,aripiprazole,DYSTONIA,0,6,,,,,False,False
xanomeline-trospium,aripiprazole,TREMOR,19,6,0.5123,0.0000,inf,1.0000,False,False
xanomeline-trospium,aripiprazole,EXTRAPYRAMIDAL DISORDER,2,6,0.0540,0.0000,inf,1.0000,False,False
xanomeline-trospium,aripiprazole,TARDIVE DYSKINESIA,1,6,0.0507,0.0000,inf,1.0000,False,False
xanomeline-trospium,aripiprazole,PARKINSONISM,2,6,0.0948,0.0000,inf,1.0000,False,False
xanomeline-trospium,aripiprazole,HYPERPROLACTINAEMIA,0,6,,,,,False,False
xanomeline-trospium,aripiprazole,GALACTORRHOEA,0,6,,,,,False,False
xanomeline-trospium,aripiprazole,AMENORRHOEA,0,6,,,,,False,False
xanomeline-trospium,aripiprazole,DRY MOUTH,28,6,4.3467,0.0888,212.8127,0.4592,False,False
xanomeline-trospium,aripiprazole,URINARY RETENTION,63,6,7.8473,0.0000,inf,1.0000,False,False
xanomeline-trospium,aripiprazole,VISION BLURRED,35,6,3.4759,0.0000,inf,1.0000,False,False
xanomeline-trospium,aripiprazole,DROOLING,25,6,16.5085,0.0000,inf,1.0000,False,False
xanomeline-trospium,aripiprazole,SALIVARY HYPERSECRETION,10,6,0.8663,0.0000,inf,1.0000,False,False
xanomeline-trospium,aripiprazole,HYPERHIDROSIS,38,6,4.0633,0.0000,inf,1.0000,False,False
xanomeline-trospium,aripiprazole,QT PROLONGATION,0,6,,,,,False,False
xanomeline-trospium,quetiapine,NAUSEA,171,6,6.0118,0.7569,47.7475,0.0898,False,False
xanomeline-trospium,quetiapine,VOMITING,171,6,5.1309,0.6845,38.4578,0.1116,False,False
xanomeline-trospium,quetiapine,CONSTIPATION,89,6,3.6242,0.5338,24.6092,0.1876,False,False
xanomeline-trospium,quetiapine,DYSPEPSIA,50,6,4.3100,0.0770,241.1728,0.4768,False,False
xanomeline-trospium,quetiapine,DIARRHOEA,17,6,0.6777,0.0000,inf,1.0000,False,False
xanomeline-trospium,quetiapine,TACHYCARDIA,10,6,0.3524,0.0000,inf,1.0000,False,False
xanomeline-trospium,quetiapine,HYPERTENSION,13,6,0.3294,0.0000,inf,1.0000,False,False
xanomeline-trospium,quetiapine,BLOOD PRESSURE INCREASED,14,6,6.2362,0.0000,inf,1.0000,False,False
xanomeline-trospium,quetiapine,WEIGHT INCREASED,9,6,0.2327,0.0000,inf,1.0000,False,False
xanomeline-trospium,quetiapine,HYPERGLYCAEMIA,0,6,,,,,False,False
xanomeline-trospium,quetiapine,DIABETES MELLITUS,0,6,,,,,False,False
xanomeline-trospium,quetiapine,METABOLIC SYNDROME,0,6,,,,,False,False
xanomeline-trospium,quetiapine,BLOOD GLUCOSE INCREASED,1,6,0.2211,0.0000,inf,1.0000,False,False
xanomeline-trospium,quetiapine,DYSLIPIDAEMIA,0,6,,,,,False,False
xanomeline-trospium,quetiapine,SOMNOLENCE,26,6,0.4581,0.0209,10.0321,0.6201,False,False
xanomeline-trospium,quetiapine,SEDATION,4,6,0.2650,0.0000,inf,1.0000,False,False
xanomeline-trospium,quetiapine,AKATHISIA,3,6,0.2376,0.0000,inf,1.0000,False,False
xanomeline-trospium,quetiapine,DYSTONIA,0,6,,,,,False,False
xanomeline-trospium,quetiapine,TREMOR,19,6,0.8380,0.0000,inf,1.0000,False,False
xanomeline-trospium,quetiapine,EXTRAPYRAMIDAL DISORDER,2,6,0.0927,0.0000,inf,1.0000,False,False
xanomeline-trospium,quetiapine,TARDIVE DYSKINESIA,1,6,0.1050,0.0000,inf,1.0000,False,False
xanomeline-trospium,quetiapine,PARKINSONISM,2,6,0.1252,0.0000,inf,1.0000,False,False
xanomeline-trospium,quetiapine,HYPERPROLACTINAEMIA,0,6,,,,,False,False
xanomeline-trospium,quetiapine,GALACTORRHOEA,0,6,,,,,False,False
xanomeline-trospium,quetiapine,AMENORRHOEA,0,6,,,,,False,False
xanomeline-trospium,quetiapine,DRY MOUTH,28,6,1.6186,0.0618,42.4214,0.7726,False,False
xanomeline-trospium,quetiapine,URINARY RETENTION,63,6,11.3030,0.4573,279.3918,0.1384,False,False
xanomeline-trospium,quetiapine,VISION BLURRED,35,6,4.2488,0.0000,inf,1.0000,False,False
xanomeline-trospium,quetiapine,DROOLING,25,6,10.3448,0.0000,inf,0.9999,False,False
xanomeline-trospium,quetiapine,SALIVARY HYPERSECRETION,10,6,3.5578,0.0000,inf,1.0000,False,False
xanomeline-trospium,quetiapine,HYPERHIDROSIS,38,6,2.3523,0.0000,inf,1.0000,False,False
xanomeline-trospium,quetiapine,QT PROLONGATION,0,6,,,,,False,False
xanomeline-trospium,lurasidone,NAUSEA,171,6,6.7577,0.0000,inf,1.0000,False,False
xanomeline-trospium,lurasidone,VOMITING,171,6,8.0346,0.0000,inf,1.0000,False,False
xanomeline-trospium,lurasidone,CONSTIPATION,89,6,6.2818,0.0000,inf,1.0000,False,False
xanomeline-trospium,lurasidone,DYSPEPSIA,50,6,15.5935,0.0000,inf,1.0000,False,False
xanomeline-trospium,lurasidone,DIARRHOEA,17,6,1.3904,0.0000,inf,1.0000,False,False
xanomeline-trospium,lurasidone,TACHYCARDIA,10,6,0.3976,0.0057,27.7414,0.6702,False,False
xanomeline-trospium,lurasidone,HYPERTENSION,13,6,1.8059,0.0000,inf,1.0000,False,False
xanomeline-trospium,lurasidone,BLOOD PRESSURE INCREASED,14,6,3.1455,0.0000,inf,1.0000,False,False
xanomeline-trospium,lurasidone,WEIGHT INCREASED,9,6,0.1488,0.0000,inf,1.0000,False,False
xanomeline-trospium,lurasidone,HYPERGLYCAEMIA,0,6,,,,,False,False
xanomeline-trospium,lurasidone,DIABETES MELLITUS,0,6,,,,,False,False
xanomeline-trospium,lurasidone,METABOLIC SYNDROME,0,6,,,,,False,False
xanomeline-trospium,lurasidone,BLOOD GLUCOSE INCREASED,1,6,0.0128,0.0000,inf,1.0000,False,False
xanomeline-trospium,lurasidone,DYSLIPIDAEMIA,0,6,,,,,False,False
xanomeline-trospium,lurasidone,SOMNOLENCE,26,6,0.9335,0.0000,inf,1.0000,False,False
xanomeline-trospium,lurasidone,SEDATION,4,6,0.0755,0.0000,inf,1.0000,False,False
xanomeline-trospium,lurasidone,AKATHISIA,3,6,0.0384,0.0000,inf,1.0000,False,False
xanomeline-trospium,lurasidone,DYSTONIA,0,6,,,,,False,False
xanomeline-trospium,lurasidone,TREMOR,19,6,1.1727,0.0000,inf,1.0000,False,False
xanomeline-trospium,lurasidone,EXTRAPYRAMIDAL DISORDER,2,6,0.0325,0.0000,inf,1.0000,False,False
xanomeline-trospium,lurasidone,TARDIVE DYSKINESIA,1,6,0.0383,0.0000,inf,1.0000,False,False
xanomeline-trospium,lurasidone,PARKINSONISM,2,6,0.8749,0.0000,inf,1.0000,False,False
xanomeline-trospium,lurasidone,HYPERPROLACTINAEMIA,0,6,,,,,False,False
xanomeline-trospium,lurasidone,GALACTORRHOEA,0,6,,,,,False,False
xanomeline-trospium,lurasidone,AMENORRHOEA,0,6,,,,,False,False
xanomeline-trospium,lurasidone,DRY MOUTH,28,6,2.8238,0.0000,inf,1.0000,False,False
xanomeline-trospium,lurasidone,URINARY RETENTION,63,6,16.0550,0.0000,inf,1.0000,False,False
xanomeline-trospium,lurasidone,VISION BLURRED,35,6,10.0724,0.0000,inf,1.0000,False,False
xanomeline-trospium,lurasidone,DROOLING,25,6,,,,,False,False
xanomeline-trospium,lurasidone,SALIVARY HYPERSECRETION,10,6,3.1637,0.0000,inf,1.0000,False,False
xanomeline-trospium,lurasidone,HYPERHIDROSIS,38,6,3.3739,0.0000,inf,1.0000,False,False
xanomeline-trospium,lurasidone,QT PROLONGATION,0,6,,,,,False,False
xanomeline-trospium,brexpiprazole,NAUSEA,171,6,14.9818,0.0000,inf,1.0000,False,False
xanomeline-trospium,brexpiprazole,VOMITING,171,6,24.0668,0.0000,inf,1.0000,False,False
xanomeline-trospium,brexpiprazole,CONSTIPATION,89,6,375.2549,0.0000,inf,1.0000,False,False
xanomeline-trospium,brexpiprazole,DYSPEPSIA,50,6,32.8531,0.0000,inf,1.0000,False,False
xanomeline-trospium,brexpiprazole,DIARRHOEA,17,6,0.8024,0.0000,inf,1.0000,False,False
xanomeline-trospium,brexpiprazole,TACHYCARDIA,10,6,1.5331,0.0000,inf,1.0000,False,False
xanomeline-trospium,brexpiprazole,HYPERTENSION,13,6,2.8234,0.0000,inf,1.0000,False,False
xanomeline-trospium,brexpiprazole,BLOOD PRESSURE INCREASED,14,6,2.5572,0.0000,inf,1.0000,False,False
xanomeline-trospium,brexpiprazole,WEIGHT INCREASED,9,6,0.1786,0.0000,inf,1.0000,False,False
xanomeline-trospium,brexpiprazole,HYPERGLYCAEMIA,0,6,,,,,False,False
xanomeline-trospium,brexpiprazole,DIABETES MELLITUS,0,6,,,,,False,False
xanomeline-trospium,brexpiprazole,METABOLIC SYNDROME,0,6,,,,,False,False
xanomeline-trospium,brexpiprazole,BLOOD GLUCOSE INCREASED,1,6,0.1191,0.0000,inf,1.0000,False,False
xanomeline-trospium,brexpiprazole,DYSLIPIDAEMIA,0,6,,,,,False,False
xanomeline-trospium,brexpiprazole,SOMNOLENCE,26,6,1.2464,0.0170,91.4580,0.9200,False,False
xanomeline-trospium,brexpiprazole,SEDATION,4,6,0.2969,0.0000,inf,1.0000,False,False
xanomeline-trospium,brexpiprazole,AKATHISIA,3,6,0.0604,0.0000,inf,1.0000,False,False
xanomeline-trospium,brexpiprazole,DYSTONIA,0,6,,,,,False,False
xanomeline-trospium,brexpiprazole,TREMOR,19,6,0.6463,0.0000,inf,1.0000,False,False
xanomeline-trospium,brexpiprazole,EXTRAPYRAMIDAL DISORDER,2,6,0.0617,0.0000,inf,1.0000,False,False
xanomeline-trospium,brexpiprazole,TARDIVE DYSKINESIA,1,6,0.0432,0.0000,inf,1.0000,False,False
xanomeline-trospium,brexpiprazole,PARKINSONISM,2,6,0.2149,0.0000,inf,1.0000,False,False
xanomeline-trospium,brexpiprazole,HYPERPROLACTINAEMIA,0,6,,,,,False,False
xanomeline-trospium,brexpiprazole,GALACTORRHOEA,0,6,,,,,False,False
xanomeline-trospium,brexpiprazole,AMENORRHOEA,0,6,,,,,False,False
xanomeline-trospium,brexpiprazole,DRY MOUTH,28,6,6.2621,0.0000,inf,1.0000,False,False
xanomeline-trospium,brexpiprazole,URINARY RETENTION,63,6,10.4783,0.0000,inf,1.0000,False,False
xanomeline-trospium,brexpiprazole,VISION BLURRED,35,6,5.2349,0.0000,inf,1.0000,False,False
xanomeline-trospium,brexpiprazole,DROOLING,25,6,13.1979,0.0000,inf,1.0000,False,False
xanomeline-trospium,brexpiprazole,SALIVARY HYPERSECRETION,10,6,3.7188,0.0000,inf,1.0000,False,False
xanomeline-trospium,brexpiprazole,HYPERHIDROSIS,38,6,2.2013,0.0000,inf,1.0000,False,False
xanomeline-trospium,brexpiprazole,QT PROLONGATION,0,6,,,,,False,False
