pt,age_group,a,n_drug,n_reaction,N,ror,ror_lower95,ror_upper95,ror_pvalue,signal
AMPHETAMINES POSITIVE,<65,2,795,10,781282,,,,,False
VIOLENCE-RELATED SYMPTOM,<65,1,795,41,781282,,,,,False
DROOLING,<65,25,795,311,781282,90.1259,59.7429,135.9606,0.0000,True
URINARY RETENTION,<65,55,795,1106,781282,55.5571,42.0143,73.4651,0.0000,True
SOLILOQUY,<65,2,795,59,781282,,,,,False
SALIVARY HYPERSECRETION,<65,10,795,503,781282,21.1275,11.4194,39.0888,0.0000,True
"HALLUCINATION, AUDITORY",<65,18,795,817,781282,23.2046,14.5572,36.9889,0.0000,True
SCHIZOAFFECTIVE DISORDER,<65,1,795,71,781282,,,,,False
PSYCHIATRIC DECOMPENSATION,<65,0,795,154,781282,,,,,False
INTRUSIVE THOUGHTS,<65,3,795,155,781282,22.5985,7.8145,65.3522,0.0000,True
TACHYPHRENIA,<65,3,795,157,781282,22.3059,7.7145,64.4961,0.0000,True
VOMITING PROJECTILE,<65,1,795,239,781282,,,,,False
PSYCHOTIC DISORDER,<65,11,795,1393,781282,8.2611,4.6042,14.8223,0.0000,True
MANIA,<65,9,795,721,781282,13.2193,6.9430,25.1692,0.0000,True
NEGATIVE THOUGHTS,<65,3,795,173,781282,20.2123,6.9981,58.3783,0.0000,True
PARANOIA,<65,8,795,663,781282,12.8409,6.5040,25.3520,0.0000,True
SCHIZOPHRENIA,<65,3,795,726,781282,4.7599,1.6615,13.6361,0.0037,True
SEDATION COMPLICATION,<65,0,795,179,781282,,,,,False
AKATHISIA,<65,3,795,695,781282,4.9731,1.7357,14.2487,0.0028,True
ANURIA,<65,1,795,302,781282,,,,,False
ANGER,<65,11,795,1085,781282,10.6333,5.9223,19.0916,0.0000,True
VOMITING,<65,161,795,24550,781282,7.8907,6.6357,9.3830,0.0000,True
DYSURIA,<65,10,795,1162,781282,9.0391,4.9034,16.6631,0.0000,True
DYSPEPSIA,<65,46,795,5016,781282,9.6799,7.1889,13.0342,0.0000,True
FEELING OF BODY TEMPERATURE CHANGE,<65,1,795,254,781282,,,,,False
HYPERHIDROSIS,<65,38,795,5166,781282,7.6841,5.5521,10.6347,0.0000,True
TREATMENT NONCOMPLIANCE,<65,18,795,3577,781282,5.1935,3.2712,8.2455,0.0000,True
THINKING ABNORMAL,<65,5,795,511,781282,10.7143,4.6109,24.8970,0.0000,True
NAUSEA,<65,160,795,35097,781282,5.3895,4.5311,6.4104,0.0000,True
COLD SWEAT,<65,7,795,741,781282,10.0978,4.9018,20.8016,0.0000,True
DRY MOUTH,<65,26,795,3870,781282,6.9570,4.7171,10.2603,0.0000,True
CONSTIPATION,<65,80,795,9402,781282,9.3068,7.3848,11.7290,0.0000,True
HICCUPS,<65,3,795,285,781282,12.1972,4.2409,35.0802,0.0000,True
DELUSION,<65,3,795,444,781282,7.8029,2.7193,22.3900,0.0001,True
VISION BLURRED,<65,35,795,5347,781282,6.8113,4.8596,9.5469,0.0000,True
"HALLUCINATION, VISUAL",<65,9,795,743,781282,12.8230,6.7357,24.4116,0.0000,True
GASTROOESOPHAGEAL REFLUX DISEASE,<65,30,795,4159,781282,7.4906,5.2094,10.7709,0.0000,True
ABNORMAL BEHAVIOUR,<65,6,795,923,781282,6.9954,3.2239,15.1787,0.0000,True
EXTRAPYRAMIDAL DISORDER,<65,2,795,616,781282,,,,,False
MOVEMENT DISORDER,<65,4,795,1133,781282,3.9229,1.5503,9.9270,0.0039,True
ADVERSE EVENT,<65,3,795,2134,781282,1.6127,0.5639,4.6125,0.3727,False
SEDATION,<65,5,795,2509,781282,2.1613,0.9335,5.0041,0.0720,False
HEART RATE INCREASED,<65,14,795,4646,781282,3.1075,1.8469,5.2283,0.0000,True
PRODUCT SUPPLY ISSUE,<65,3,795,527,781282,6.5675,2.2903,18.8326,0.0005,True
INCREASED APPETITE,<65,5,795,1125,781282,4.8394,2.0878,11.2176,0.0002,True
URINARY INCONTINENCE,<65,3,795,954,781282,3.6182,1.2638,10.3593,0.0166,True
AGGRESSION,<65,7,795,1871,781282,3.9721,1.9324,8.1648,0.0002,True
AGITATION,<65,9,795,2606,781282,3.6173,1.9057,6.8663,0.0001,True
APATHY,<65,2,795,731,781282,,,,,False
DYSKINESIA,<65,5,795,1218,781282,4.4680,1.9278,10.3551,0.0005,True
RETCHING,<65,3,795,944,781282,3.6567,1.2772,10.4697,0.0157,True
HYPERSOMNIA,<65,3,795,996,781282,3.4651,1.2104,9.9200,0.0206,True
TACHYCARDIA,<65,10,795,4810,781282,2.1599,1.1741,3.9735,0.0133,True
THERAPEUTIC RESPONSE UNEXPECTED,<65,6,795,1040,781282,6.2033,2.8598,13.4559,0.0000,True
HALLUCINATION,<65,15,795,1766,781282,8.8296,5.3290,14.6296,0.0000,True
SUICIDAL IDEATION,<65,8,795,4384,781282,1.9141,0.9731,3.7652,0.0600,False
SOMNOLENCE,<65,23,795,8069,781282,2.9203,1.9361,4.4048,0.0000,True
GASTROINTESTINAL DISORDER,<65,10,795,6039,781282,1.7170,0.9334,3.1581,0.0821,False
TREMOR,<65,18,795,5115,781282,3.6194,2.2805,5.7443,0.0000,True
NIGHT SWEATS,<65,4,795,2391,781282,1.8529,0.7329,4.6842,0.1924,False
ABDOMINAL DISCOMFORT,<65,18,795,7891,781282,2.3349,1.4716,3.7046,0.0003,True
IRRITABILITY,<65,6,795,2033,781282,3.1611,1.4590,6.8488,0.0035,True
ANGIOEDEMA,<65,2,795,2455,781282,,,,,False
DYSPHAGIA,<65,11,795,3936,781282,2.8999,1.6187,5.1951,0.0003,True
AMPHETAMINES POSITIVE,≥65,0,70,0,495276,,,,,False
VIOLENCE-RELATED SYMPTOM,≥65,0,70,3,495276,,,,,False
DROOLING,≥65,0,70,119,495276,,,,,False
URINARY RETENTION,≥65,8,70,1172,495276,57.6984,28.1175,118.3996,0.0000,True
SOLILOQUY,≥65,0,70,23,495276,,,,,False
SALIVARY HYPERSECRETION,≥65,0,70,216,495276,,,,,False
"HALLUCINATION, AUDITORY",≥65,1,70,232,495276,,,,,False
SCHIZOAFFECTIVE DISORDER,≥65,0,70,5,495276,,,,,False
PSYCHIATRIC DECOMPENSATION,≥65,1,70,21,495276,,,,,False
INTRUSIVE THOUGHTS,≥65,0,70,25,495276,,,,,False
TACHYPHRENIA,≥65,1,70,23,495276,,,,,False
VOMITING PROJECTILE,≥65,0,70,69,495276,,,,,False
PSYCHOTIC DISORDER,≥65,1,70,276,495276,,,,,False
MANIA,≥65,1,70,130,495276,,,,,False
NEGATIVE THOUGHTS,≥65,0,70,30,495276,,,,,False
PARANOIA,≥65,0,70,198,495276,,,,,False
SCHIZOPHRENIA,≥65,0,70,67,495276,,,,,False
SEDATION COMPLICATION,≥65,0,70,106,495276,,,,,False
AKATHISIA,≥65,0,70,67,495276,,,,,False
ANURIA,≥65,1,70,221,495276,,,,,False
ANGER,≥65,0,70,237,495276,,,,,False
VOMITING,≥65,12,70,10990,495276,9.4246,5.1156,17.3631,0.0000,True
DYSURIA,≥65,4,70,1116,495276,30.0539,11.5476,78.2185,0.0000,True
DYSPEPSIA,≥65,4,70,2618,495276,12.7494,4.9038,33.1473,0.0000,True
FEELING OF BODY TEMPERATURE CHANGE,≥65,1,70,99,495276,,,,,False
HYPERHIDROSIS,≥65,3,70,2282,495276,11.2126,3.8258,32.8618,0.0000,True
TREATMENT NONCOMPLIANCE,≥65,0,70,1524,495276,,,,,False
THINKING ABNORMAL,≥65,0,70,229,495276,,,,,False
NAUSEA,≥65,15,70,18336,495276,7.2693,4.1387,12.7679,0.0000,True
COLD SWEAT,≥65,0,70,390,495276,,,,,False
DRY MOUTH,≥65,4,70,2099,495276,15.9239,6.1236,41.4085,0.0000,True
CONSTIPATION,≥65,10,70,9066,495276,9.3163,4.8364,17.9458,0.0000,True
HICCUPS,≥65,0,70,317,495276,,,,,False
DELUSION,≥65,0,70,420,495276,,,,,False
VISION BLURRED,≥65,0,70,3594,495276,,,,,False
"HALLUCINATION, VISUAL",≥65,1,70,899,495276,,,,,False
GASTROOESOPHAGEAL REFLUX DISEASE,≥65,1,70,2159,495276,,,,,False
ABNORMAL BEHAVIOUR,≥65,0,70,291,495276,,,,,False
EXTRAPYRAMIDAL DISORDER,≥65,0,70,156,495276,,,,,False
MOVEMENT DISORDER,≥65,1,70,909,495276,,,,,False
ADVERSE EVENT,≥65,0,70,1759,495276,,,,,False
SEDATION,≥65,0,70,576,495276,,,,,False
HEART RATE INCREASED,≥65,3,70,2598,495276,9.8412,3.3582,28.8397,0.0000,True
PRODUCT SUPPLY ISSUE,≥65,0,70,378,495276,,,,,False
INCREASED APPETITE,≥65,1,70,525,495276,,,,,False
URINARY INCONTINENCE,≥65,1,70,875,495276,,,,,False
AGGRESSION,≥65,0,70,622,495276,,,,,False
AGITATION,≥65,2,70,1045,495276,,,,,False
APATHY,≥65,0,70,299,495276,,,,,False
DYSKINESIA,≥65,0,70,1283,495276,,,,,False
RETCHING,≥65,0,70,487,495276,,,,,False
HYPERSOMNIA,≥65,0,70,725,495276,,,,,False
TACHYCARDIA,≥65,0,70,1638,495276,,,,,False
THERAPEUTIC RESPONSE UNEXPECTED,≥65,1,70,726,495276,,,,,False
HALLUCINATION,≥65,1,70,2970,495276,,,,,False
SUICIDAL IDEATION,≥65,1,70,781,495276,,,,,False
SOMNOLENCE,≥65,3,70,4051,495276,6.2906,2.1471,18.4301,0.0008,True
GASTROINTESTINAL DISORDER,≥65,1,70,3190,495276,,,,,False
TREMOR,≥65,1,70,4146,495276,,,,,False
NIGHT SWEATS,≥65,0,70,661,495276,,,,,False
ABDOMINAL DISCOMFORT,≥65,3,70,4231,495276,6.0206,2.0550,17.6387,0.0011,True
IRRITABILITY,≥65,0,70,530,495276,,,,,False
ANGIOEDEMA,≥65,0,70,973,495276,,,,,False
DYSPHAGIA,≥65,1,70,2635,495276,,,,,False
