pt,a,n_reaction,n_drug,N,b,c,d,expected,ror,ror_lower95,ror_upper95,signal_ror
RESTLESSNESS,5,3061,1069,2154081,1064,3056,2149956,1.5191,3.6343,1.5711,8.4071,True
SPEECH DISORDER,4,4388,1069,2154081,1065,4384,2148628,2.1776,2.0697,0.8196,5.2266,False
ERUCTATION,3,3033,1069,2154081,1066,3030,2149982,1.5052,2.3282,0.8148,6.6532,False
"HALLUCINATION, AUDITORY",20,1596,1069,2154081,1049,1576,2151436,0.7920,26.6567,17.1699,41.3850,True
SOLILOQUY,3,118,1069,2154081,1066,115,2152897,0.0586,61.1714,21.0851,177.4684,True
CONDITION AGGRAVATED,11,46524,1069,2154081,1058,46513,2106499,23.0883,0.4920,0.2752,0.8798,False
MUSCULAR WEAKNESS,7,11182,1069,2154081,1062,11175,2141837,5.5493,1.3529,0.6595,2.7751,False
HALLUCINATION,15,9007,1069,2154081,1054,8992,2144020,4.4699,3.5046,2.1216,5.7891,True
PALPITATIONS,9,11689,1069,2154081,1060,11680,2141332,5.8009,1.6422,0.8668,3.1114,False
"HALLUCINATION, VISUAL",10,2576,1069,2154081,1059,2566,2150446,1.2784,8.3038,4.5160,15.2686,True
MENTAL DISORDER,4,4149,1069,2154081,1065,4145,2148867,2.0590,2.1892,0.8669,5.5287,False
PSYCHOTIC DISORDER,23,2647,1069,2154081,1046,2624,2150388,1.3136,18.3992,12.2031,27.7414,True
THINKING ABNORMAL,4,1160,1069,2154081,1065,1156,2151856,0.5757,7.8583,3.1077,19.8710,True
TREATMENT NONCOMPLIANCE,22,7815,1069,2154081,1047,7793,2145219,3.8783,5.9125,3.8917,8.9824,True
PAIN,3,54294,1069,2154081,1066,54291,2098721,26.9443,0.1269,0.0444,0.3623,False
SUICIDAL IDEATION,11,7953,1069,2154081,1058,7942,2145070,3.9468,2.9342,1.6404,5.2486,True
DRUG INTOLERANCE,6,11585,1069,2154081,1063,11579,2141433,5.7493,1.1303,0.5226,2.4444,False
DYSPEPSIA,51,11113,1069,2154081,1018,11062,2141950,5.5150,9.7904,7.3953,12.9613,True
DYSKINESIA,7,3533,1069,2154081,1062,3526,2149486,1.7533,4.3025,2.0964,8.8302,True
URINARY RETENTION,84,3453,1069,2154081,985,3369,2149643,1.7136,54.7017,43.6921,68.4856,True
HAEMATOCHEZIA,3,7614,1069,2154081,1066,7611,2145401,3.7786,0.9250,0.3238,2.6424,False
SCHIZOPHRENIA,13,1431,1069,2154081,1056,1418,2151594,0.7102,19.3819,11.3020,33.2381,True
URINARY INCONTINENCE,6,2667,1069,2154081,1063,2661,2150351,1.3235,4.9381,2.2817,10.6871,True
URINARY TRACT INFECTION,12,20052,1069,2154081,1057,20040,2132972,9.9512,1.2581,0.7202,2.1977,False
PERIPHERAL SWELLING,3,19114,1069,2154081,1066,19111,2133901,9.4857,0.3664,0.1283,1.0466,False
ANGER,10,2226,1069,2154081,1059,2216,2150796,1.1047,9.6166,5.2289,17.6860,True
WEIGHT INCREASED,8,25131,1069,2154081,1061,25123,2127889,12.4717,0.6782,0.3453,1.3321,False
NAUSEA,233,79493,1069,2154081,836,79260,2073752,39.4498,7.3033,6.3160,8.4450,True
GASTROINTESTINAL DISORDER,14,14710,1069,2154081,1055,14696,2138316,7.3001,1.9988,1.1901,3.3570,True
WEIGHT DECREASED,18,28957,1069,2154081,1051,28939,2124073,14.3704,1.2913,0.8153,2.0452,False
INSOMNIA,23,23222,1069,2154081,1046,23199,2129813,11.5243,2.0615,1.3695,3.1034,True
PRODUCT ADMINISTRATION ERROR,3,3421,1069,2154081,1066,3418,2149594,1.6977,2.0636,0.7222,5.8966,False
PARANOIA,11,1361,1069,2154081,1058,1350,2151662,0.6754,17.3096,9.6573,31.0254,True
NEGATIVE THOUGHTS,3,291,1069,2154081,1066,288,2152724,0.1444,24.4878,8.5204,70.3782,True
PRODUCT DOSE OMISSION ISSUE,6,82367,1069,2154081,1063,82361,2070651,40.8761,0.1537,0.0711,0.3323,False
DRUG INEFFECTIVE,23,124695,1069,2154081,1046,124672,2028340,61.8821,0.3653,0.2427,0.5499,False
HOT FLUSH,4,12230,1069,2154081,1065,12226,2140786,6.0693,0.7395,0.2929,1.8669,False
PRURITUS,4,57868,1069,2154081,1065,57864,2095148,28.7180,0.1529,0.0606,0.3860,False
HEART RATE INCREASED,22,11046,1069,2154081,1047,11024,2141988,5.4818,4.1734,2.7475,6.3393,True
ABDOMINAL PAIN,8,25594,1069,2154081,1061,25586,2127426,12.7015,0.6658,0.3390,1.3077,False
DECREASED APPETITE,15,26799,1069,2154081,1054,26784,2126228,13.2995,1.1668,0.7066,1.9269,False
VISION BLURRED,44,13947,1069,2154081,1025,13903,2139109,6.9214,6.6763,4.9430,9.0173,True
GENERAL PHYSICAL HEALTH DETERIORATION,3,17138,1069,2154081,1066,17135,2135877,8.5050,0.4091,0.1432,1.1684,False
FEELING ABNORMAL,12,17321,1069,2154081,1057,17309,2135703,8.5958,1.4584,0.8349,2.5477,False
LIMB DISCOMFORT,3,3120,1069,2154081,1066,3117,2149895,1.5484,2.2632,0.7920,6.4672,False
COMPLETED SUICIDE,4,6069,1069,2154081,1065,6065,2146947,3.0118,1.4949,0.5920,3.7747,False
THERAPEUTIC RESPONSE UNEXPECTED,5,3493,1069,2154081,1064,3488,2149524,1.7335,3.1836,1.3764,7.3638,True
INTRUSIVE THOUGHTS,3,253,1069,2154081,1066,250,2152762,0.1256,28.2030,9.8037,81.1333,True
ILLNESS,8,28812,1069,2154081,1061,28804,2124208,14.2985,0.5905,0.3006,1.1599,False
HEADACHE,23,62156,1069,2154081,1046,62133,2090879,30.8460,0.7557,0.5020,1.1374,False
DEATH,3,80172,1069,2154081,1066,80169,2072843,39.7867,0.0849,0.0297,0.2423,False
DEPRESSION,9,16780,1069,2154081,1060,16771,2136241,8.3274,1.1410,0.6023,2.1616,False
OFF LABEL USE,64,156851,1069,2154081,1005,156787,1996225,77.8400,0.8167,0.6349,1.0506,False
MALAISE,13,38442,1069,2154081,1056,38429,2114583,19.0775,0.7031,0.4110,1.2029,False
PRODUCT AVAILABILITY ISSUE,3,5833,1069,2154081,1066,5830,2147182,2.8947,1.2086,0.4231,3.4526,False
ANGIOEDEMA,3,4431,1069,2154081,1066,4428,2148584,2.1990,1.5922,0.5573,4.5491,False
ADVERSE EVENT,5,8638,1069,2154081,1064,8633,2144379,4.2868,1.2833,0.5550,2.9672,False
DYSURIA,14,3270,1069,2154081,1055,3256,2149756,1.6228,9.0688,5.3949,15.2445,True
DEHYDRATION,8,11581,1069,2154081,1061,11573,2141439,5.7473,1.4816,0.7542,2.9106,False
AGGRESSION,9,3645,1069,2154081,1060,3636,2149376,1.8089,5.2947,2.7930,10.0371,True
TREMOR,19,13744,1069,2154081,1050,13725,2139287,6.8207,2.8932,1.8480,4.5296,True
VISUAL IMPAIRMENT,6,14606,1069,2154081,1063,14600,2138412,7.2485,0.8952,0.4139,1.9358,False
FATIGUE,23,86300,1069,2154081,1046,86277,2066735,42.8279,0.5379,0.3574,0.8096,False
MEMORY IMPAIRMENT,6,13078,1069,2154081,1063,13072,2139940,6.4902,1.0005,0.4626,2.1637,False
THERAPY INTERRUPTED,3,17854,1069,2154081,1066,17851,2135161,8.8604,0.3925,0.1374,1.1211,False
NIGHT SWEATS,6,4350,1069,2154081,1063,4344,2148668,2.1588,3.0228,1.3972,6.5396,True
UNRESPONSIVE TO STIMULI,3,2460,1069,2154081,1066,2457,2150555,1.2208,2.8719,1.0048,8.2078,True
SALIVARY HYPERSECRETION,17,1022,1069,2154081,1052,1005,2152007,0.5072,35.5859,22.0985,57.3049,True
DYSPHAGIA,7,9629,1069,2154081,1062,9622,2143390,4.7786,1.5723,0.7665,3.2254,False
ABDOMINAL PAIN UPPER,26,22699,1069,2154081,1043,22673,2130339,11.2648,2.3861,1.6224,3.5093,True
ANXIETY,11,24347,1069,2154081,1058,24336,2128676,12.0826,0.9503,0.5314,1.6994,False
ABDOMINAL DISTENSION,4,11881,1069,2154081,1065,11877,2141135,5.8962,0.7613,0.3016,1.9221,False
HYPERTENSION,20,22532,1069,2154081,1049,22512,2130500,11.1819,1.8485,1.1938,2.8625,True
CONSTIPATION,104,27669,1069,2154081,965,27565,2125447,13.7312,8.3454,6.8177,10.2155,True
INCREASED APPETITE,7,2663,1069,2154081,1062,2656,2150356,1.3216,5.7139,2.7834,11.7297,True
HICCUPS,3,869,1069,2154081,1066,866,2152146,0.4313,8.1510,2.8481,23.3275,True
EXTRAPYRAMIDAL DISORDER,4,1012,1069,2154081,1065,1008,2152004,0.5022,9.0121,3.5630,22.7947,True
AKATHISIA,4,1101,1069,2154081,1065,1097,2151915,0.5464,8.2809,3.2745,20.9418,True
SEIZURE,4,16358,1069,2154081,1065,16354,2136658,8.1179,0.5518,0.2186,1.3929,False
WRONG TECHNIQUE IN PRODUCT USAGE PROCESS,3,24380,1069,2154081,1066,24377,2128635,12.0990,0.2866,0.1003,0.8185,False
GAIT DISTURBANCE,6,16959,1069,2154081,1063,16953,2136059,8.4162,0.7701,0.3561,1.6653,False
VOMITING,204,50525,1069,2154081,865,50321,2102691,25.0739,9.8730,8.4753,11.5012,True
ABDOMINAL DISCOMFORT,27,18861,1069,2154081,1042,18834,2134178,9.3601,2.9891,2.0463,4.3662,True
HYPERHIDROSIS,43,10724,1069,2154081,1026,10681,2142331,5.3220,8.4993,6.2713,11.5189,True
MOOD ALTERED,3,2642,1069,2154081,1066,2639,2150373,1.3111,2.6736,0.9355,7.6408,False
TACHYPHRENIA,3,277,1069,2154081,1066,274,2152738,0.1375,25.7369,8.9522,73.9919,True
DYSPNOEA,9,56380,1069,2154081,1060,56371,2096641,27.9796,0.3332,0.1759,0.6311,False
HEPATIC ENZYME INCREASED,5,8967,1069,2154081,1064,8962,2144050,4.4500,1.2360,0.5346,2.8578,False
RASH,9,52143,1069,2154081,1060,52134,2100878,25.8769,0.3610,0.1906,0.6838,False
URTICARIA,5,20637,1069,2154081,1064,20632,2132380,10.2415,0.5340,0.2310,1.2345,False
BLOOD PRESSURE INCREASED,15,15880,1069,2154081,1054,15865,2137147,7.8807,1.9800,1.1989,3.2701,True
TACHYCARDIA,10,8885,1069,2154081,1059,8875,2144137,4.4093,2.3941,1.3032,4.3984,True
FLUSHING,3,7166,1069,2154081,1066,7163,2145849,3.5563,0.9831,0.3441,2.8082,False
VOMITING PROJECTILE,4,434,1069,2154081,1065,430,2152582,0.2154,21.1177,8.3261,53.5609,True
ABNORMAL BEHAVIOUR,6,2018,1069,2154081,1063,2012,2151000,1.0015,6.5325,3.0175,14.1420,True
DIARRHOEA,27,73678,1069,2154081,1042,73651,2079361,36.5640,0.7447,0.5099,1.0876,False
VERTIGO,3,5473,1069,2154081,1066,5470,2147542,2.7161,1.2883,0.4510,3.6805,False
IRRITABILITY,6,4383,1069,2154081,1063,4377,2148635,2.1751,2.9999,1.3867,6.4901,True
DIZZINESS,60,48732,1069,2154081,1009,48672,2104340,24.1841,2.5911,1.9987,3.3591,True
LETHARGY,5,4723,1069,2154081,1064,4718,2148294,2.3439,2.3524,1.0172,5.4402,True
HYPERSOMNIA,3,2900,1069,2154081,1066,2897,2150115,1.4392,2.4353,0.8522,6.9592,False
SLEEP DISORDER,5,9376,1069,2154081,1064,9371,2143641,4.6530,1.1818,0.5112,2.7325,False
RETCHING,4,2211,1069,2154081,1065,2207,2150805,1.0972,4.1149,1.6287,10.3964,True
COLD SWEAT,5,1528,1069,2154081,1064,1523,2151489,0.7583,7.2965,3.1518,16.8913,True
SCHIZOAFFECTIVE DISORDER,3,180,1069,2154081,1066,177,2152835,0.0893,39.8034,13.7950,114.8464,True
CHILLS,7,10994,1069,2154081,1062,10987,2142025,5.4560,1.3761,0.6709,2.8228,False
GASTROOESOPHAGEAL REFLUX DISEASE,29,9064,1069,2154081,1040,9035,2143977,4.4982,6.7274,4.6630,9.7057,True
MOVEMENT DISORDER,7,2846,1069,2154081,1062,2839,2150173,1.4124,5.3452,2.6040,10.9721,True
ACCIDENTAL OVERDOSE,3,4969,1069,2154081,1066,4966,2148046,2.4660,1.4194,0.4968,4.0551,False
SEDATION,7,3869,1069,2154081,1062,3862,2149150,1.9201,3.9276,1.9139,8.0602,True
DYSPHONIA,5,6326,1069,2154081,1064,6321,2146691,3.1394,1.7546,0.7588,4.0572,False
ADVERSE DRUG REACTION,3,12641,1069,2154081,1066,12638,2140374,6.2733,0.5558,0.1946,1.5875,False
SOMNOLENCE,27,19175,1069,2154081,1042,19148,2133864,9.5159,2.9396,2.0124,4.2939,True
AGITATION,12,5360,1069,2154081,1057,5348,2147664,2.6600,4.7464,2.7158,8.2951,True
MANIA,11,1254,1069,2154081,1058,1243,2151769,0.6223,18.8000,10.4866,33.7038,True
HYPOAESTHESIA,3,14081,1069,2154081,1066,14078,2138934,6.9879,0.4986,0.1746,1.4241,False
INTESTINAL OBSTRUCTION,4,5228,1069,2154081,1065,5224,2147788,2.5945,1.7362,0.6876,4.3842,False
OVERDOSE,4,13650,1069,2154081,1065,13646,2139366,6.7740,0.6621,0.2623,1.6715,False
BRAIN FOG,6,7472,1069,2154081,1063,7466,2145546,3.7081,1.7563,0.8120,3.7987,False
FEELING HOT,6,5533,1069,2154081,1063,5527,2147485,2.7458,2.3745,1.0977,5.1365,True
DROOLING,26,794,1069,2154081,1043,768,2152244,0.3940,71.1215,48.0581,105.2533,True
APATHY,3,1500,1069,2154081,1066,1497,2151515,0.7444,4.7150,1.6490,13.4821,True
DYSSTASIA,3,2348,1069,2154081,1066,2345,2150667,1.1652,3.0092,1.0528,8.6005,True
ASTHENIA,9,37338,1069,2154081,1060,37329,2115683,18.5296,0.5077,0.2680,0.9617,False
FALL,3,33546,1069,2154081,1066,33543,2119469,16.6478,0.2074,0.0726,0.5922,False
CHEST PAIN,16,15572,1069,2154081,1053,15556,2137456,7.7279,2.1520,1.3229,3.5005,True
DRY MOUTH,30,8812,1069,2154081,1039,8782,2144230,4.3731,7.1636,4.9945,10.2747,True
CONFUSIONAL STATE,12,14529,1069,2154081,1057,14517,2138495,7.2103,1.7412,0.9967,3.0418,False
DISTURBANCE IN ATTENTION,5,3877,1069,2154081,1064,3872,2149140,1.9240,2.8674,1.2398,6.6320,True
FEELING OF BODY TEMPERATURE CHANGE,3,582,1069,2154081,1066,579,2152433,0.2888,12.1894,4.2547,34.9216,True
DELUSION,4,1670,1069,2154081,1065,1666,2151346,0.8288,5.4521,2.1573,13.7790,True
