pt,reporter_group,a,n_drug,n_reaction,N,ror,ror_lower95,ror_upper95,ror_pvalue,signal
AMPHETAMINES POSITIVE,HCP,3,758,10,1009215,622.9123,174.7957,2219.8472,0.0000,True
VIOLENCE-RELATED SYMPTOM,HCP,1,758,28,1009215,,,,,False
DROOLING,HCP,14,758,326,1009215,62.8314,36.9308,106.8967,0.0000,True
URINARY RETENTION,HCP,56,758,1777,1009215,47.0339,35.7210,61.9296,0.0000,True
SOLILOQUY,HCP,1,758,57,1009215,,,,,False
SALIVARY HYPERSECRETION,HCP,12,758,542,1009215,31.8144,18.0741,56.0003,0.0000,True
"HALLUCINATION, AUDITORY",HCP,11,758,880,1009215,17.8279,9.9203,32.0389,0.0000,True
SCHIZOAFFECTIVE DISORDER,HCP,1,758,118,1009215,,,,,False
PSYCHIATRIC DECOMPENSATION,HCP,3,758,196,1009215,24.1394,8.3674,69.6406,0.0000,True
INTRUSIVE THOUGHTS,HCP,0,758,59,1009215,,,,,False
TACHYPHRENIA,HCP,1,758,84,1009215,,,,,False
VOMITING PROJECTILE,HCP,4,758,117,1009215,52.9866,20.5991,136.2963,0.0000,True
PSYCHOTIC DISORDER,HCP,22,758,1485,1009215,21.0206,13.7758,32.0755,0.0000,True
MANIA,HCP,6,758,678,1009215,12.9444,5.9589,28.1190,0.0000,True
NEGATIVE THOUGHTS,HCP,1,758,61,1009215,,,,,False
PARANOIA,HCP,5,758,542,1009215,13.6876,5.8911,31.8021,0.0000,True
SCHIZOPHRENIA,HCP,8,758,962,1009215,11.9547,6.0623,23.5746,0.0000,True
SEDATION COMPLICATION,HCP,3,758,292,1009215,16.1331,5.6096,46.3983,0.0000,True
AKATHISIA,HCP,3,758,622,1009215,7.5367,2.6294,21.6029,0.0002,True
ANURIA,HCP,2,758,491,1009215,,,,,False
ANGER,HCP,4,758,507,1009215,11.9397,4.7070,30.2860,0.0000,True
VOMITING,HCP,112,758,21343,1009215,8.0913,6.6201,9.8896,0.0000,True
DYSURIA,HCP,1,758,1109,1009215,,,,,False
DYSPEPSIA,HCP,13,758,3550,1009215,5.1442,3.0000,8.8211,0.0000,True
FEELING OF BODY TEMPERATURE CHANGE,HCP,0,758,144,1009215,,,,,False
HYPERHIDROSIS,HCP,15,758,4362,1009215,4.8150,2.9091,7.9694,0.0000,True
TREATMENT NONCOMPLIANCE,HCP,22,758,3974,1009215,7.7641,5.0982,11.8241,0.0000,True
THINKING ABNORMAL,HCP,1,758,254,1009215,,,,,False
NAUSEA,HCP,163,758,29297,1009215,9.2290,7.7594,10.9769,0.0000,True
COLD SWEAT,HCP,1,758,609,1009215,,,,,False
DRY MOUTH,HCP,13,758,3554,1009215,5.1384,2.9966,8.8111,0.0000,True
CONSTIPATION,HCP,51,758,7352,1009215,9.9809,7.5147,13.2566,0.0000,True
HICCUPS,HCP,3,758,367,1009215,12.8126,4.4608,36.8010,0.0000,True
DELUSION,HCP,5,758,601,1009215,12.3330,5.3103,28.6429,0.0000,True
VISION BLURRED,HCP,24,758,5476,1009215,6.1360,4.0991,9.1850,0.0000,True
"HALLUCINATION, VISUAL",HCP,3,758,1139,1009215,4.1061,1.4345,11.7538,0.0085,True
GASTROOESOPHAGEAL REFLUX DISEASE,HCP,16,758,3384,1009215,6.6306,4.0661,10.8127,0.0000,True
ABNORMAL BEHAVIOUR,HCP,4,758,781,1009215,7.7299,3.0518,19.5792,0.0000,True
EXTRAPYRAMIDAL DISORDER,HCP,2,758,859,1009215,,,,,False
MOVEMENT DISORDER,HCP,5,758,952,1009215,7.7616,3.3467,18.0004,0.0000,True
ADVERSE EVENT,HCP,13,758,3332,1009215,5.4833,3.1975,9.4030,0.0000,True
SEDATION,HCP,7,758,2946,1009215,3.4139,1.6614,7.0147,0.0008,True
HEART RATE INCREASED,HCP,17,758,3347,1009215,7.1226,4.4284,11.4561,0.0000,True
PRODUCT SUPPLY ISSUE,HCP,1,758,303,1009215,,,,,False
INCREASED APPETITE,HCP,5,758,469,1009215,15.8399,6.8129,36.8273,0.0000,True
URINARY INCONTINENCE,HCP,3,758,1022,1009215,4.5779,1.5990,13.1066,0.0046,True
AGGRESSION,HCP,6,758,1788,1009215,4.8783,2.2508,10.5727,0.0001,True
AGITATION,HCP,5,758,2915,1009215,2.5218,1.0892,5.8390,0.0308,True
APATHY,HCP,1,758,486,1009215,,,,,False
DYSKINESIA,HCP,2,758,1461,1009215,,,,,False
RETCHING,HCP,2,758,628,1009215,,,,,False
HYPERSOMNIA,HCP,5,758,685,1009215,10.8098,4.6567,25.0933,0.0000,True
TACHYCARDIA,HCP,15,758,5578,1009215,3.7580,2.2709,6.2188,0.0000,True
THERAPEUTIC RESPONSE UNEXPECTED,HCP,2,758,1171,1009215,,,,,False
HALLUCINATION,HCP,4,758,2848,1009215,2.1085,0.8341,5.3304,0.1149,False
SUICIDAL IDEATION,HCP,10,758,3334,1009215,4.2413,2.3044,7.8061,0.0000,True
SOMNOLENCE,HCP,9,758,7867,1009215,1.6139,0.8507,3.0617,0.1429,False
GASTROINTESTINAL DISORDER,HCP,13,758,6215,1009215,2.9262,1.7072,5.0154,0.0001,True
TREMOR,HCP,8,758,5006,1009215,2.2737,1.1558,4.4729,0.0173,True
NIGHT SWEATS,HCP,5,758,1948,1009215,3.7802,1.6320,8.7561,0.0019,True
ABDOMINAL DISCOMFORT,HCP,12,758,6619,1009215,2.5389,1.4509,4.4426,0.0011,True
IRRITABILITY,HCP,1,758,1435,1009215,,,,,False
ANGIOEDEMA,HCP,7,758,3275,1009215,3.0692,1.4939,6.3060,0.0023,True
DYSPHAGIA,HCP,4,758,5089,1009215,1.1767,0.4656,2.9739,0.7308,False
AMPHETAMINES POSITIVE,Consumer,0,1000,15,1144866,,,,,False
VIOLENCE-RELATED SYMPTOM,Consumer,2,1000,41,1144866,,,,,False
DROOLING,Consumer,24,1000,468,1144866,64.5400,42.7653,97.4016,0.0000,True
URINARY RETENTION,Consumer,56,1000,1676,1144866,42.1655,32.0974,55.3916,0.0000,True
SOLILOQUY,Consumer,2,1000,61,1144866,,,,,False
SALIVARY HYPERSECRETION,Consumer,11,1000,480,1144866,28.3037,15.7159,50.9739,0.0000,True
"HALLUCINATION, AUDITORY",Consumer,21,1000,716,1144866,36.0785,23.3818,55.6696,0.0000,True
SCHIZOAFFECTIVE DISORDER,Consumer,2,1000,62,1144866,,,,,False
PSYCHIATRIC DECOMPENSATION,Consumer,1,1000,48,1144866,,,,,False
INTRUSIVE THOUGHTS,Consumer,4,1000,194,1144866,27.1109,10.6235,69.1860,0.0000,True
TACHYPHRENIA,Consumer,3,1000,193,1144866,21.0651,7.3049,60.7449,0.0000,True
VOMITING PROJECTILE,Consumer,2,1000,317,1144866,,,,,False
PSYCHOTIC DISORDER,Consumer,11,1000,1162,1144866,11.5334,6.4305,20.6855,0.0000,True
MANIA,Consumer,9,1000,576,1144866,19.3030,10.1354,36.7628,0.0000,True
NEGATIVE THOUGHTS,Consumer,2,1000,230,1144866,,,,,False
PARANOIA,Consumer,8,1000,819,1144866,12.0633,6.1198,23.7793,0.0000,True
SCHIZOPHRENIA,Consumer,5,1000,469,1144866,13.5999,5.8538,31.5961,0.0000,True
SEDATION COMPLICATION,Consumer,0,1000,105,1144866,,,,,False
AKATHISIA,Consumer,5,1000,479,1144866,13.3131,5.7309,30.9268,0.0000,True
ANURIA,Consumer,2,1000,142,1144866,,,,,False
ANGER,Consumer,11,1000,1719,1144866,7.7695,4.3360,13.9219,0.0000,True
VOMITING,Consumer,185,1000,29182,1144866,8.7455,7.4534,10.2615,0.0000,True
DYSURIA,Consumer,19,1000,2161,1144866,10.5873,6.7491,16.6082,0.0000,True
DYSPEPSIA,Consumer,52,1000,7563,1144866,8.3735,6.3361,11.0662,0.0000,True
FEELING OF BODY TEMPERATURE CHANGE,Consumer,3,1000,438,1144866,9.2125,3.2119,26.4236,0.0000,True
HYPERHIDROSIS,Consumer,47,1000,6362,1144866,8.9730,6.6978,12.0209,0.0000,True
TREATMENT NONCOMPLIANCE,Consumer,21,1000,3841,1144866,6.5499,4.2672,10.0538,0.0000,True
THINKING ABNORMAL,Consumer,5,1000,906,1144866,7.0047,3.0222,16.2351,0.0000,True
NAUSEA,Consumer,202,1000,50196,1144866,5.5487,4.7545,6.4756,0.0000,True
COLD SWEAT,Consumer,7,1000,919,1144866,9.4556,4.5965,19.4515,0.0000,True
DRY MOUTH,Consumer,32,1000,5258,1144866,7.3107,5.1488,10.3804,0.0000,True
CONSTIPATION,Consumer,83,1000,20317,1144866,5.0537,4.0376,6.3256,0.0000,True
HICCUPS,Consumer,1,1000,502,1144866,,,,,False
DELUSION,Consumer,3,1000,1069,1144866,3.7598,1.3141,10.7573,0.0135,True
VISION BLURRED,Consumer,44,1000,8471,1144866,6.2682,4.6374,8.4724,0.0000,True
"HALLUCINATION, VISUAL",Consumer,9,1000,1437,1144866,7.6627,4.0363,14.5475,0.0000,True
GASTROOESOPHAGEAL REFLUX DISEASE,Consumer,26,1000,5680,1144866,5.4739,3.7181,8.0587,0.0000,True
ABNORMAL BEHAVIOUR,Consumer,5,1000,1237,1144866,5.1220,2.2114,11.8634,0.0001,True
EXTRAPYRAMIDAL DISORDER,Consumer,2,1000,153,1144866,,,,,False
MOVEMENT DISORDER,Consumer,6,1000,1894,1144866,3.9523,1.8252,8.5583,0.0005,True
ADVERSE EVENT,Consumer,21,1000,5306,1144866,4.7284,3.0815,7.2555,0.0000,True
SEDATION,Consumer,6,1000,923,1144866,8.1420,3.7548,17.6551,0.0000,True
HEART RATE INCREASED,Consumer,18,1000,7699,1144866,2.7851,1.7573,4.4141,0.0000,True
PRODUCT SUPPLY ISSUE,Consumer,3,1000,1085,1144866,3.7042,1.2947,10.5979,0.0146,True
INCREASED APPETITE,Consumer,3,1000,2194,1144866,1.8279,0.6394,5.2253,0.2603,False
URINARY INCONTINENCE,Consumer,5,1000,1645,1144866,3.8468,1.6616,8.9057,0.0017,True
AGGRESSION,Consumer,5,1000,1857,1144866,3.4059,1.4714,7.8838,0.0042,True
AGITATION,Consumer,11,1000,2445,1144866,5.4491,3.0428,9.7584,0.0000,True
APATHY,Consumer,3,1000,1014,1144866,3.9644,1.3855,11.3438,0.0102,True
DYSKINESIA,Consumer,8,1000,2072,1144866,4.7366,2.4080,9.3170,0.0000,True
RETCHING,Consumer,4,1000,1583,1144866,3.2658,1.2920,8.2553,0.0124,True
HYPERSOMNIA,Consumer,3,1000,2215,1144866,1.8105,0.6334,5.1756,0.2680,False
TACHYCARDIA,Consumer,9,1000,3307,1144866,3.3131,1.7472,6.2824,0.0002,True
THERAPEUTIC RESPONSE UNEXPECTED,Consumer,6,1000,2322,1144866,3.2209,1.4878,6.9727,0.0030,True
HALLUCINATION,Consumer,17,1000,6159,1144866,3.2958,2.0530,5.2909,0.0000,True
SUICIDAL IDEATION,Consumer,8,1000,4619,1144866,2.1158,1.0764,4.1586,0.0297,True
SOMNOLENCE,Consumer,33,1000,11308,1144866,3.4780,2.4633,4.9107,0.0000,True
GASTROINTESTINAL DISORDER,Consumer,19,1000,8495,1144866,2.6612,1.6990,4.1683,0.0000,True
TREMOR,Consumer,19,1000,8738,1144866,2.5865,1.6513,4.0512,0.0000,True
NIGHT SWEATS,Consumer,3,1000,2402,1144866,1.6692,0.5839,4.7711,0.3390,False
ABDOMINAL DISCOMFORT,Consumer,24,1000,12242,1144866,2.3237,1.5556,3.4712,0.0000,True
IRRITABILITY,Consumer,7,1000,2948,1144866,2.9281,1.4262,6.0113,0.0034,True
ANGIOEDEMA,Consumer,1,1000,1156,1144866,,,,,False
DYSPHAGIA,Consumer,13,1000,4540,1144866,3.4403,2.0091,5.8910,0.0000,True
