pt,cumulative_through,n_quarters,a,n_drug,N,ror,ror_lower95,ror_upper95,signal
NAUSEA,2024Q4,1,39,156,337675,9.9094,6.9067,14.2174,True
VOMITING,2024Q4,1,34,156,337675,13.0456,8.9348,19.0478,True
CONSTIPATION,2024Q4,1,12,156,337675,7.8207,4.3842,13.9507,True
URINARY RETENTION,2024Q4,1,12,156,337675,60.9317,33.9533,109.3465,True
DYSPEPSIA,2024Q4,1,2,156,337675,,,,False
DRY MOUTH,2024Q4,1,5,156,337675,9.5477,4.0704,22.3954,True
TACHYCARDIA,2024Q4,1,7,156,337675,12.2868,5.8896,25.6325,True
DROOLING,2024Q4,1,5,156,337675,107.9214,45.1934,257.7154,True
HYPERHIDROSIS,2024Q4,1,5,156,337675,6.9041,2.9448,16.1865,True
VISION BLURRED,2024Q4,1,12,156,337675,14.5377,8.1435,25.9526,True
AKATHISIA,2024Q4,1,1,156,337675,,,,False
TREMOR,2024Q4,1,3,156,337675,3.5459,1.2280,10.2387,True
NAUSEA,2025Q1,2,109,480,666947,8.5141,6.8770,10.5410,True
VOMITING,2025Q1,2,89,480,666947,10.3150,8.1937,12.9854,True
CONSTIPATION,2025Q1,2,37,480,666947,7.4548,5.3375,10.4120,True
URINARY RETENTION,2025Q1,2,26,480,666947,39.6139,26.6426,58.9005,True
DYSPEPSIA,2025Q1,2,11,480,666947,5.4618,3.0394,9.8149,True
DRY MOUTH,2025Q1,2,14,480,666947,7.9105,4.6838,13.3599,True
TACHYCARDIA,2025Q1,2,10,480,666947,5.5472,3.0058,10.2374,True
DROOLING,2025Q1,2,12,480,666947,77.4546,43.5218,137.8441,True
HYPERHIDROSIS,2025Q1,2,15,480,666947,6.6580,4.0093,11.0566,True
VISION BLURRED,2025Q1,2,19,480,666947,6.9550,4.4162,10.9535,True
AKATHISIA,2025Q1,2,1,480,666947,,,,False
TREMOR,2025Q1,2,6,480,666947,2.1097,0.9723,4.5776,False
NAUSEA,2025Q2,3,162,774,998886,7.7042,6.4783,9.1619,True
VOMITING,2025Q2,3,145,774,998886,10.5048,8.7674,12.5866,True
CONSTIPATION,2025Q2,3,54,774,998886,6.6620,5.0553,8.7794,True
URINARY RETENTION,2025Q2,3,47,774,998886,43.5405,32.3242,58.6489,True
DYSPEPSIA,2025Q2,3,26,774,998886,7.9549,5.3938,11.7323,True
DRY MOUTH,2025Q2,3,20,774,998886,7.0916,4.5678,11.0099,True
TACHYCARDIA,2025Q2,3,14,774,998886,4.7261,2.8083,7.9536,True
DROOLING,2025Q2,3,20,774,998886,76.0431,48.4460,119.3608,True
HYPERHIDROSIS,2025Q2,3,22,774,998886,6.1330,4.0285,9.3369,True
VISION BLURRED,2025Q2,3,27,774,998886,6.1434,4.1953,8.9963,True
AKATHISIA,2025Q2,3,2,774,998886,,,,False
TREMOR,2025Q2,3,10,774,998886,2.1624,1.1755,3.9778,True
NAUSEA,2025Q3,4,242,1091,1398119,7.8809,6.8309,9.0923,True
VOMITING,2025Q3,4,192,1091,1398119,9.4324,8.0695,11.0254,True
CONSTIPATION,2025Q3,4,84,1091,1398119,6.8067,5.4489,8.5028,True
URINARY RETENTION,2025Q3,4,69,1091,1398119,43.8225,34.2453,56.0780,True
DYSPEPSIA,2025Q3,4,36,1091,1398119,7.1797,5.1572,9.9953,True
DRY MOUTH,2025Q3,4,25,1091,1398119,6.0159,4.0583,8.9177,True
TACHYCARDIA,2025Q3,4,17,1091,1398119,4.0793,2.5418,6.5469,True
DROOLING,2025Q3,4,25,1091,1398119,66.0551,44.1758,98.7708,True
HYPERHIDROSIS,2025Q3,4,39,1091,1398119,7.4041,5.3845,10.1813,True
VISION BLURRED,2025Q3,4,39,1091,1398119,5.8945,4.2874,8.1040,True
AKATHISIA,2025Q3,4,5,1091,1398119,9.7696,4.2133,22.6531,True
TREMOR,2025Q3,4,15,1091,1398119,2.2864,1.3842,3.7767,True
NAUSEA,2025Q4,5,311,1419,1756872,7.6997,6.7885,8.7332,True
VOMITING,2025Q4,5,236,1419,1756872,8.6672,7.5352,9.9693,True
CONSTIPATION,2025Q4,5,110,1419,1756872,6.7358,5.5445,8.1830,True
URINARY RETENTION,2025Q4,5,91,1419,1756872,43.6981,35.2407,54.1852,True
DYSPEPSIA,2025Q4,5,51,1419,1756872,7.5815,5.7357,10.0214,True
DRY MOUTH,2025Q4,5,34,1419,1756872,6.2353,4.4442,8.7484,True
TACHYCARDIA,2025Q4,5,22,1419,1756872,3.9238,2.5855,5.9550,True
DROOLING,2025Q4,5,30,1419,1756872,61.7789,42.7897,89.1950,True
HYPERHIDROSIS,2025Q4,5,46,1419,1756872,6.6721,4.9775,8.9435,True
VISION BLURRED,2025Q4,5,50,1419,1756872,5.7291,4.3237,7.5915,True
AKATHISIA,2025Q4,5,7,1419,1756872,10.7023,5.2060,22.0017,True
TREMOR,2025Q4,5,23,1419,1756872,2.6625,1.7702,4.0044,True
NAUSEA,2026Q1,6,365,1758,2154078,6.8721,6.1231,7.7127,True
VOMITING,2026Q1,6,297,1758,2154078,8.5192,7.5183,9.6533,True
CONSTIPATION,2026Q1,6,134,1758,2154078,6.3889,5.3564,7.6203,True
URINARY RETENTION,2026Q1,6,112,1758,2154078,43.9422,36.1937,53.3495,True
DYSPEPSIA,2026Q1,6,65,1758,2154078,7.4959,5.8523,9.6011,True
DRY MOUTH,2026Q1,6,45,1758,2154078,6.4921,4.8329,8.7210,True
TACHYCARDIA,2026Q1,6,24,1758,2154078,3.4166,2.2918,5.0935,True
DROOLING,2026Q1,6,38,1758,2154078,63.6431,45.8804,88.2827,True
HYPERHIDROSIS,2026Q1,6,62,1758,2154078,7.3998,5.7447,9.5316,True
VISION BLURRED,2026Q1,6,68,1758,2154078,6.2431,4.9005,7.9535,True
AKATHISIA,2026Q1,6,8,1758,2154078,9.5527,4.8565,18.7900,True
TREMOR,2026Q1,6,27,1758,2154078,2.4761,1.6982,3.6102,True
