pt,sex,a,n_drug,n_reaction,N,ror,ror_lower95,ror_upper95,ror_pvalue,signal
AMPHETAMINES POSITIVE,Female,0,542,6,1047639,,,,,False
VIOLENCE-RELATED SYMPTOM,Female,1,542,24,1047639,,,,,False
DROOLING,Female,22,542,322,1047639,150.5844,97.2802,233.0963,0.0000,True
URINARY RETENTION,Female,33,542,1338,1047639,52.6707,36.9764,75.0264,0.0000,True
SOLILOQUY,Female,1,542,42,1047639,,,,,False
SALIVARY HYPERSECRETION,Female,12,542,465,1047639,54.3809,30.8040,96.0033,0.0000,True
"HALLUCINATION, AUDITORY",Female,13,542,769,1047639,35.2641,20.4499,60.8097,0.0000,True
SCHIZOAFFECTIVE DISORDER,Female,0,542,105,1047639,,,,,False
PSYCHIATRIC DECOMPENSATION,Female,1,542,71,1047639,,,,,False
INTRUSIVE THOUGHTS,Female,0,542,140,1047639,,,,,False
TACHYPHRENIA,Female,1,542,143,1047639,,,,,False
VOMITING PROJECTILE,Female,3,542,297,1047639,23.0598,8.0113,66.3762,0.0000,True
PSYCHOTIC DISORDER,Female,8,542,1146,1047639,14.6101,7.4011,28.8410,0.0000,True
MANIA,Female,7,542,647,1047639,22.8825,11.0844,47.2386,0.0000,True
NEGATIVE THOUGHTS,Female,0,542,169,1047639,,,,,False
PARANOIA,Female,4,542,585,1047639,15.0391,5.9257,38.1688,0.0000,True
SCHIZOPHRENIA,Female,4,542,574,1047639,15.3293,6.0396,38.9078,0.0000,True
SEDATION COMPLICATION,Female,0,542,200,1047639,,,,,False
AKATHISIA,Female,4,542,538,1047639,16.3623,6.4450,41.5399,0.0000,True
ANURIA,Female,1,542,300,1047639,,,,,False
ANGER,Female,4,542,977,1047639,8.9800,3.5433,22.7582,0.0000,True
VOMITING,Female,121,542,31283,1047639,9.3975,7.6776,11.5027,0.0000,True
DYSURIA,Female,7,542,1414,1047639,10.4053,5.0518,21.4323,0.0000,True
DYSPEPSIA,Female,26,542,7031,1047639,7.6174,5.1518,11.2631,0.0000,True
FEELING OF BODY TEMPERATURE CHANGE,Female,2,542,334,1047639,,,,,False
HYPERHIDROSIS,Female,18,542,5337,1047639,6.9077,4.3414,10.9909,0.0000,True
TREATMENT NONCOMPLIANCE,Female,14,542,3547,1047639,8.1028,4.8039,13.6671,0.0000,True
THINKING ABNORMAL,Female,2,542,631,1047639,,,,,False
NAUSEA,Female,137,542,51008,1047639,6.6404,5.4715,8.0591,0.0000,True
COLD SWEAT,Female,2,542,791,1047639,,,,,False
DRY MOUTH,Female,13,542,5543,1047639,4.8017,2.7958,8.2467,0.0000,True
CONSTIPATION,Female,51,542,15312,1047639,7.0843,5.3141,9.4442,0.0000,True
HICCUPS,Female,2,542,235,1047639,,,,,False
DELUSION,Female,1,542,630,1047639,,,,,False
VISION BLURRED,Female,21,542,8314,1047639,5.1639,3.3529,7.9532,0.0000,True
"HALLUCINATION, VISUAL",Female,5,542,1124,1047639,9.5606,4.1189,22.1913,0.0000,True
GASTROOESOPHAGEAL REFLUX DISEASE,Female,18,542,5800,1047639,6.3517,3.9922,10.1058,0.0000,True
ABNORMAL BEHAVIOUR,Female,1,542,748,1047639,,,,,False
EXTRAPYRAMIDAL DISORDER,Female,0,542,383,1047639,,,,,False
MOVEMENT DISORDER,Female,1,542,1594,1047639,,,,,False
ADVERSE EVENT,Female,4,542,3520,1047639,2.4799,0.9800,6.2754,0.0552,False
SEDATION,Female,3,542,2079,1047639,3.2649,1.1403,9.3480,0.0275,True
HEART RATE INCREASED,Female,13,542,7051,1047639,3.7674,2.1939,6.4695,0.0000,True
PRODUCT SUPPLY ISSUE,Female,0,542,764,1047639,,,,,False
INCREASED APPETITE,Female,5,542,1479,1047639,7.2563,3.1277,16.8345,0.0000,True
URINARY INCONTINENCE,Female,5,542,1419,1047639,7.5645,3.2604,17.5508,0.0000,True
AGGRESSION,Female,0,542,1117,1047639,,,,,False
AGITATION,Female,4,542,2303,1047639,3.7969,1.5000,9.6108,0.0049,True
APATHY,Female,2,542,676,1047639,,,,,False
DYSKINESIA,Female,3,542,1805,1047639,3.7622,1.3138,10.7733,0.0136,True
RETCHING,Female,1,542,1319,1047639,,,,,False
HYPERSOMNIA,Female,3,542,1469,1047639,4.6257,1.6150,13.2490,0.0043,True
TACHYCARDIA,Female,9,542,4773,1047639,3.8956,2.0497,7.4041,0.0000,True
THERAPEUTIC RESPONSE UNEXPECTED,Female,1,542,1737,1047639,,,,,False
HALLUCINATION,Female,4,542,3810,1047639,2.2904,0.9052,5.7954,0.0802,False
SUICIDAL IDEATION,Female,6,542,4029,1047639,3.1409,1.4484,6.8111,0.0038,True
SOMNOLENCE,Female,21,542,9663,1047639,4.4357,2.8803,6.8311,0.0000,True
GASTROINTESTINAL DISORDER,Female,7,542,8689,1047639,1.6751,0.8145,3.4447,0.1608,False
TREMOR,Female,14,542,7730,1047639,3.6955,2.1922,6.2298,0.0000,True
NIGHT SWEATS,Female,2,542,2614,1047639,,,,,False
ABDOMINAL DISCOMFORT,Female,10,542,11633,1047639,1.7566,0.9534,3.2364,0.0708,False
IRRITABILITY,Female,2,542,2023,1047639,,,,,False
ANGIOEDEMA,Female,2,542,2199,1047639,,,,,False
DYSPHAGIA,Female,5,542,4874,1047639,2.1901,0.9450,5.0755,0.0675,False
AMPHETAMINES POSITIVE,Male,3,795,10,701587,412.6602,115.8075,1470.4441,0.0000,True
VIOLENCE-RELATED SYMPTOM,Male,2,795,29,701587,,,,,False
DROOLING,Male,12,795,351,701587,32.9163,18.6370,58.1359,0.0000,True
URINARY RETENTION,Male,66,795,1519,701587,43.8601,33.9442,56.6726,0.0000,True
SOLILOQUY,Male,2,795,67,701587,,,,,False
SALIVARY HYPERSECRETION,Male,6,795,436,701587,13.3940,6.1541,29.1514,0.0000,True
"HALLUCINATION, AUDITORY",Male,14,795,627,701587,21.1755,12.5206,35.8132,0.0000,True
SCHIZOAFFECTIVE DISORDER,Male,1,795,54,701587,,,,,False
PSYCHIATRIC DECOMPENSATION,Male,0,795,139,701587,,,,,False
INTRUSIVE THOUGHTS,Male,4,795,89,701587,46.5942,18.0106,120.5413,0.0000,True
TACHYPHRENIA,Male,3,795,97,701587,32.7467,11.2418,95.3891,0.0000,True
VOMITING PROJECTILE,Male,1,795,88,701587,,,,,False
PSYCHOTIC DISORDER,Male,16,795,1146,701587,13.1004,8.0170,21.4071,0.0000,True
MANIA,Male,7,795,440,701587,15.3671,7.4410,31.7361,0.0000,True
NEGATIVE THOUGHTS,Male,3,795,82,701587,38.9262,13.3155,113.7963,0.0000,True
PARANOIA,Male,8,795,604,701587,12.6700,6.4147,25.0252,0.0000,True
SCHIZOPHRENIA,Male,7,795,724,701587,9.2807,4.5048,19.1202,0.0000,True
SEDATION COMPLICATION,Male,0,795,122,701587,,,,,False
AKATHISIA,Male,2,795,396,701587,,,,,False
ANURIA,Male,2,795,259,701587,,,,,False
ANGER,Male,10,795,873,701587,10.8352,5.8723,19.9922,0.0000,True
VOMITING,Male,119,795,12026,701587,10.2194,8.4061,12.4239,0.0000,True
DYSURIA,Male,10,795,1303,701587,7.2288,3.9225,13.3218,0.0000,True
DYSPEPSIA,Male,32,795,2471,701587,12.1857,8.5589,17.3493,0.0000,True
FEELING OF BODY TEMPERATURE CHANGE,Male,0,795,130,701587,,,,,False
HYPERHIDROSIS,Male,32,795,3723,701587,8.0384,5.6502,11.4359,0.0000,True
TREATMENT NONCOMPLIANCE,Male,20,795,3229,701587,5.7455,3.7005,8.9206,0.0000,True
THINKING ABNORMAL,Male,4,795,377,701587,10.6618,4.1978,27.0795,0.0000,True
NAUSEA,Male,142,795,16710,701587,9.0050,7.5076,10.8011,0.0000,True
COLD SWEAT,Male,5,795,538,701587,9.1324,3.9310,21.2162,0.0000,True
DRY MOUTH,Male,27,795,1904,701587,13.3209,9.0817,19.5389,0.0000,True
CONSTIPATION,Male,64,795,8135,701587,7.5675,5.8611,9.7706,0.0000,True
HICCUPS,Male,2,795,509,701587,,,,,False
DELUSION,Male,7,795,903,701587,7.4258,3.6071,15.2873,0.0000,True
VISION BLURRED,Male,32,795,3805,701587,7.8628,5.5269,11.1857,0.0000,True
"HALLUCINATION, VISUAL",Male,5,795,1197,701587,4.0818,1.7612,9.4604,0.0010,True
GASTROOESOPHAGEAL REFLUX DISEASE,Male,20,795,2044,701587,9.1240,5.8719,14.1775,0.0000,True
ABNORMAL BEHAVIOUR,Male,7,795,1012,701587,6.6198,3.2166,13.6236,0.0000,True
EXTRAPYRAMIDAL DISORDER,Male,3,795,500,701587,6.2167,2.1675,17.8300,0.0007,True
MOVEMENT DISORDER,Male,6,795,947,701587,6.1199,2.8207,13.2782,0.0000,True
ADVERSE EVENT,Male,6,795,2451,701587,2.3511,1.0854,5.0928,0.0302,True
SEDATION,Male,4,795,1397,701587,2.8535,1.1280,7.2183,0.0268,True
HEART RATE INCREASED,Male,14,795,2574,701587,5.0596,3.0053,8.5182,0.0000,True
PRODUCT SUPPLY ISSUE,Male,3,795,482,701587,6.4502,2.2486,18.5023,0.0005,True
INCREASED APPETITE,Male,3,795,828,701587,3.7448,1.3076,10.7248,0.0139,True
URINARY INCONTINENCE,Male,2,795,841,701587,,,,,False
AGGRESSION,Male,10,795,2007,701587,4.6763,2.5397,8.6106,0.0000,True
AGITATION,Male,11,795,2196,701587,4.6858,2.6139,8.4002,0.0000,True
APATHY,Male,2,795,586,701587,,,,,False
DYSKINESIA,Male,5,795,1353,701587,3.6088,1.5574,8.3622,0.0028,True
RETCHING,Male,4,795,603,701587,6.6403,2.6199,16.8305,0.0001,True
HYPERSOMNIA,Male,2,795,930,701587,,,,,False
TACHYCARDIA,Male,12,795,2713,701587,4.1227,2.3548,7.2178,0.0000,True
THERAPEUTIC RESPONSE UNEXPECTED,Male,7,795,906,701587,7.4010,3.5951,15.2361,0.0000,True
HALLUCINATION,Male,14,795,4335,701587,2.9903,1.7772,5.0314,0.0000,True
SUICIDAL IDEATION,Male,7,795,2789,701587,2.3861,1.1614,4.9023,0.0179,True
SOMNOLENCE,Male,17,795,6098,701587,2.5679,1.5978,4.1269,0.0001,True
GASTROINTESTINAL DISORDER,Male,12,795,3512,701587,3.1780,1.8157,5.5623,0.0001,True
TREMOR,Male,11,795,4250,701587,2.4085,1.3445,4.3145,0.0031,True
NIGHT SWEATS,Male,4,795,900,701587,4.4386,1.7532,11.2371,0.0017,True
ABDOMINAL DISCOMFORT,Male,22,795,4458,701587,4.5658,2.9993,6.9504,0.0000,True
IRRITABILITY,Male,5,795,1543,701587,3.1623,1.3650,7.3260,0.0072,True
ANGIOEDEMA,Male,2,795,1361,701587,,,,,False
DYSPHAGIA,Male,9,795,3351,701587,2.5204,1.3281,4.7829,0.0047,True
